sample,cycles
0,9486
1,10371
2,7200
3,5613
4,6000
5,5883
6,5499
7,6165
8,5340
9,8136
10,6138
11,5454
12,5622
13,5784
14,7179
15,6117
16,4965
17,6327
18,5598
19,4437
20,5421
21,5142
22,4527
23,4929
24,4569
25,5469
26,4689
27,4542
28,2076
29,1620
30,1725
31,1611
32,4386
33,2214
34,3996
35,3528
36,3756
37,1584
38,1638
39,1659
40,1521
41,1638
42,1578
43,1632
44,1578
45,4095
46,3885
47,5592
48,3309
49,1584
50,1578
51,1581
52,1575
53,1539
54,1563
55,3408
56,1626
57,1566
58,1500
59,1482
60,1575
61,1533
62,1551
63,1506
64,2868
65,2106
66,1587
67,1527
68,2367
69,3456
70,1521
71,1605
72,1527
73,1515
74,2973
75,1956
76,1491
77,1560
78,1422
79,1578
80,5508
81,1773
82,2949
83,1437
84,2310
85,3534
86,2598
87,2400
88,1545
89,1518
90,1545
91,1419
92,1500
93,1434
94,1494
95,1488
96,1560
97,1560
98,1485
99,1527
100,1464
101,1503
102,1446
103,1638
104,1533
105,1479
106,1545
107,1500
108,1470
109,1443
110,1443
111,1458
112,1446
113,1467
114,1587
115,1383
116,1512
117,1410
118,1488
119,1533
120,1575
121,1392
122,1449
123,4149
124,2007
125,1449
126,1539
127,1446
128,5877
129,2040
130,1593
131,1530
132,1509
133,1500
134,1494
135,1503
136,1509
137,1455
138,1401
139,1455
140,1473
141,1452
142,1431
143,1545
144,1842
145,1479
146,2106
147,1440
148,1467
149,2988
150,3303
151,1449
152,1530
153,1452
154,1428
155,1425
156,1608
157,1464
158,1461
159,2049
160,2646
161,5226
162,1515
163,1467
164,1476
165,1593
166,1446
167,2403
168,3282
169,2076
170,3372
171,1500
172,1395
173,1446
174,1413
175,2559
176,2517
177,2550
178,5451
179,5175
180,4932
181,2289
182,2022
183,1434
184,3168
185,1749
186,3627
187,1416
188,2094
189,4662
190,5694
191,2004
192,1824
193,1761
194,1482
195,1503
196,1719
197,5661
198,2256
199,1470
200,4377
201,1515
202,1413
203,1419
204,3654
205,2592
206,3048
207,1416
208,1473
209,2643
210,6441
211,1446
212,1833
213,1461
214,2028
215,1734
216,3624
217,2277
218,6480
219,4893
220,4365
221,1425
222,1449
223,1968
224,1473
225,2313
226,5496
227,1521
228,2049
229,1428
230,1449
231,1830
232,2751
233,1836
234,1419
235,2871
236,4359
237,1467
238,2013
239,3810
240,2745
241,4662
242,4272
243,2310
244,2805
245,4866
246,3585
247,4317
248,3351
249,3642
250,1419
251,2802
252,1419
253,1491
254,3096
255,1764
256,3756
257,2061
258,3048
259,3939
260,2520
261,2736
262,1413
263,3882
264,3390
265,1770
266,3891
267,2850
268,2022
269,2304
270,6726
271,6114
272,1746
273,1497
274,1452
275,3090
276,1806
277,2274
278,2310
279,2478
280,2589
281,3843
282,2778
283,3360
284,1827
285,1443
286,2814
287,1737
288,1524
289,1479
290,4017
291,2469
292,1371
293,3174
294,1506
295,1542
296,2832
297,3387
298,2028
299,2880
300,1452
301,1482
302,1473
303,1416
304,3351
305,2325
306,2349
307,1404
308,1431
309,1440
310,1476
311,1422
312,3861
313,1425
314,3897
315,4074
316,3600
317,1434
318,1452
319,1425
320,1473
321,5793
322,1446
323,2664
324,1425
325,1488
326,2274
327,4392
328,1473
329,1446
330,2052
331,3147
332,1470
333,2082
334,1434
335,1455
336,1440
337,1494
338,3459
339,1446
340,3084
341,2769
342,1431
343,2586
344,1773
345,1455
346,1446
347,1434
348,1824
349,3069
350,2823
351,2538
352,2379
353,2292
354,1494
355,1509
356,2322
357,1503
358,2592
359,1581
360,4368
361,1818
362,2256
363,1455
364,1401
365,1476
366,1395
367,1428
368,4191
369,2010
370,1521
371,1461
372,3462
373,1455
374,3651
375,2010
376,3924
377,1773
378,1494
379,2553
380,2049
381,1452
382,2319
383,1719
384,1485
385,1785
386,1416
387,1512
388,3894
389,4203
390,4128
391,1563
392,1767
393,1461
394,8148
395,2331
396,1773
397,1458
398,2064
399,3318
400,1419
401,1446
402,4179
403,3297
404,2280
405,4134
406,1434
407,2550
408,3936
409,1416
410,1515
411,4410
412,1461
413,1464
414,1824
415,2058
416,3012
417,3252
418,2769
419,1488
420,1425
421,5295
422,3303
423,5724
424,2811
425,2316
426,1731
427,2346
428,1713
429,2274
430,2514
431,4131
432,5439
433,3411
434,2316
435,2313
436,1476
437,2037
438,2304
439,3021
440,2853
441,1407
442,1449
443,1755
444,4830
445,1434
446,2094
447,3609
448,5229
449,4398
450,2001
451,1428
452,3321
453,1455
454,3093
455,3132
456,4071
457,2664
458,4890
459,2076
460,2004
461,2667
462,6267
463,1716
464,2331
465,2295
466,1452
467,2598
468,1446
469,2598
470,2340
471,3870
472,3342
473,4173
474,4443
475,1383
476,3891
477,1755
478,1479
479,2844
480,1770
481,1995
482,5928
483,3669
484,3054
485,2043
486,4920
487,2823
488,3576
489,2286
490,3057
491,2631
492,4353
493,1779
494,1374
495,1398
496,1809
497,3606
498,1476
499,4719
500,2580
501,1380
502,4371
503,1515
504,1539
505,2028
506,1506
507,2301
508,2571
509,4068
510,2277
511,3225
512,3861
513,3663
514,2313
515,3120
516,1710
517,2127
518,4980
519,3093
520,1743
521,2304
522,3645
523,4935
524,1368
525,2856
526,2493
527,1470
528,1770
529,1788
530,3000
531,3114
532,2844
533,1440
534,3195
535,4362
536,3102
537,3879
538,2829
539,1452
540,2619
541,3639
542,3849
543,2331
544,1812
545,2247
546,1782
547,4653
548,1428
549,2574
550,1995
551,4200
552,3819
553,1527
554,2313
555,2094
556,1743
557,2286
558,2478
559,6069
560,2538
561,3129
562,2823
563,3345
564,1431
565,2082
566,3684
567,1686
568,3372
569,3153
570,1770
571,2370
572,1713
573,3081
574,1455
575,2073
576,3054
577,1428
578,1893
579,1476
580,2322
581,2280
582,2778
583,2604
584,1395
585,1488
586,3117
587,1503
588,1413
589,2052
590,1998
591,1464
592,1791
593,2310
594,3399
595,3309
596,2292
597,1737
598,2559
599,2595
600,1824
601,1473
602,1854
603,2004
604,2277
605,2511
606,1485
607,2823
608,2547
609,2061
610,5100
611,2052
612,3069
613,2106
614,2514
615,2877
616,1485
617,3627
618,5421
619,4119
620,2760
621,2565
622,4611
623,2835
624,2037
625,3054
626,2046
627,1998
628,4341
629,4650
630,1521
631,3576
632,2577
633,3363
634,2022
635,1755
636,1434
637,3591
638,3909
639,2592
640,2340
641,2832
642,3885
643,2514
644,1482
645,2064
646,4116
647,3576
648,1710
649,3900
650,2304
651,1845
652,3339
653,1530
654,3813
655,2301
656,2808
657,1842
658,2553
659,4410
660,3366
661,2262
662,2811
663,1707
664,2616
665,2466
666,2274
667,1425
668,1842
669,1464
670,2586
671,1419
672,2313
673,2304
674,1437
675,1887
676,1731
677,2019
678,3582
679,2562
680,2265
681,1428
682,2814
683,1818
684,1476
685,2082
686,3318
687,1518
688,2292
689,2055
690,1521
691,1773
692,2265
693,1713
694,4899
695,3594
696,4176
697,2526
698,2604
699,1998
700,1455
701,4221
702,2127
703,2268
704,3036
705,1746
706,1485
707,2559
708,2229
709,2055
710,1731
711,2550
712,3273
713,2838
714,3816
715,1494
716,1503
717,2076
718,3837
719,1752
720,3894
721,6540
722,3450
723,1752
724,2058
725,3579
726,2001
727,3030
728,4389
729,2250
730,1791
731,1791
732,2505
733,1806
734,3627
735,4116
736,3603
737,4110
738,1509
739,1440
740,1842
741,1572
742,1749
743,4095
744,2517
745,1485
746,2286
747,2304
748,2043
749,1494
750,1815
751,2511
752,3849
753,2298
754,2607
755,1425
756,4425
757,2289
758,1473
759,2055
760,1803
761,2295
762,2538
763,2259
764,1482
765,1476
766,3129
767,4404
768,2796
769,1437
770,1458
771,3345
772,2229
773,1464
774,3102
775,1830
776,4668
777,1530
778,2046
779,2520
780,1989
781,1500
782,1461
783,2298
784,4233
785,3393
786,1746
787,2277
788,13602
789,3942
790,3417
791,1476
792,2133
793,2331
794,4074
795,3144
796,3384
797,1440
798,2175
799,1830
800,2358
801,3336
802,1497
803,2349
804,1455
805,3138
806,4893
807,2901
808,2271
809,2286
810,2316
811,2541
812,3606
813,4176
814,1491
815,2643
816,2826
817,2583
818,2835
819,1407
820,3957
821,2472
822,3594
823,4347
824,2319
825,1782
826,2262
827,2556
828,2283
829,3063
830,1746
831,1791
832,3855
833,3141
834,2130
835,2433
836,2007
837,2901
838,3303
839,4101
840,2058
841,1545
842,2058
843,1545
844,2085
845,1791
846,5475
847,2007
848,1488
849,2403
850,1557
851,2064
852,4416
853,2283
854,1827
855,1986
856,2550
857,3117
858,4395
859,3093
860,1788
861,1482
862,3927
863,2769
864,3930
865,2871
866,1857
867,1515
868,1410
869,1821
870,2601
871,2877
872,3336
873,3090
874,3522
875,2604
876,3621
877,3414
878,1725
879,3327
880,2811
881,1536
882,2880
883,3660
884,2088
885,2805
886,3522
887,1992
888,2319
889,2007
890,1431
891,2538
892,2589
893,3342
894,2604
895,1965
896,1836
897,2553
898,3384
899,2085
900,1431
901,2925
902,2826
903,2895
904,1764
905,2661
906,2253
907,2286
908,2496
909,3696
910,2556
911,2028
912,1992
913,5673
914,2610
915,1791
916,1797
917,2043
918,2808
919,1452
920,2817
921,3069
922,2016
923,2310
924,2877
925,2823
926,2592
927,2568
928,1827
929,2511
930,1749
931,3417
932,2871
933,2112
934,2562
935,2070
936,2241
937,3687
938,4434
939,3609
940,2046
941,3957
942,1746
943,2331
944,3072
945,3291
946,2622
947,4386
948,1476
949,1467
950,1584
951,2607
952,3321
953,2583
954,1452
955,2052
956,2061
957,3558
958,2073
959,1818
960,4584
961,1764
962,2076
963,3978
964,2316
965,1479
966,2601
967,2094
968,1446
969,3156
970,1722
971,2346
972,3855
973,3111
974,3075
975,3402
976,3879
977,2952
978,2562
979,2349
980,2859
981,2196
982,1836
983,1740
984,3087
985,4365
986,3480
987,3024
988,1815
989,3846
990,1794
991,2793
992,3348
993,1479
994,1464
995,3159
996,1752
997,3519
998,3834
999,4413
1000,1434
1001,3882
1002,1725
1003,2838
1004,1719
1005,3321
1006,3585
1007,5160
1008,2541
1009,3069
1010,2313
1011,1416
1012,3099
1013,1458
1014,4485
1015,4068
1016,2316
1017,2838
1018,2010
1019,2265
1020,2022
1021,2280
1022,1467
1023,1443
1024,2043
1025,3069
1026,2046
1027,1863
1028,2820
1029,3150
1030,2502
1031,1776
1032,2727
1033,1827
1034,1986
1035,5310
1036,1431
1037,2547
1038,2004
1039,2148
1040,2862
1041,2265
1042,2352
1043,1470
1044,3990
1045,5481
1046,3648
1047,1425
1048,1800
1049,2319
1050,3186
1051,2589
1052,2316
1053,1452
1054,2607
1055,1959
1056,2334
1057,2562
1058,2517
1059,1512
1060,1434
1061,2097
1062,2853
1063,1473
1064,1761
1065,2028
1066,2589
1067,2613
1068,4407
1069,2037
1070,2484
1071,3636
1072,2715
1073,2271
1074,2310
1075,2463
1076,2010
1077,1449
1078,2973
1079,2286
1080,1461
1081,2247
1082,3351
1083,2268
1084,5217
1085,2811
1086,2631
1087,2565
1088,1518
1089,1845
1090,3585
1091,1446
1092,1452
1093,2331
1094,3594
1095,3852
1096,2526
1097,1980
1098,1398
1099,2874
1100,1977
1101,1815
1102,2286
1103,3648
1104,3603
1105,4149
1106,3888
1107,3837
1108,2043
1109,2283
1110,2088
1111,2604
1112,1506
1113,2850
1114,3315
1115,2571
1116,2265
1117,1428
1118,2280
1119,1983
1120,3639
1121,2037
1122,2403
1123,1836
1124,1998
1125,3096
1126,2739
1127,4173
1128,1482
1129,1755
1130,4140
1131,4986
1132,2268
1133,2037
1134,1776
1135,2112
1136,4149
1137,2574
1138,2292
1139,1701
1140,2307
1141,1998
1142,2055
1143,2289
1144,3447
1145,1740
1146,3633
1147,2514
1148,1476
1149,2091
1150,2505
1151,1782
1152,1998
1153,2568
1154,3144
1155,2829
1156,4128
1157,2802
1158,2532
1159,2061
1160,1452
1161,3126
1162,2520
1163,2277
1164,2055
1165,2820
1166,3291
1167,3042
1168,2751
1169,3282
1170,1812
1171,1731
1172,3864
1173,1716
1174,2565
1175,3306
1176,2292
1177,1425
1178,2067
1179,1977
1180,1413
1181,3117
1182,1779
1183,4383
1184,2088
1185,2538
1186,4365
1187,2742
1188,3876
1189,2856
1190,3321
1191,3366
1192,3105
1193,1797
1194,1491
1195,2838
1196,1665
1197,1524
1198,1764
1199,1452
1200,1434
1201,2577
1202,2850
1203,4107
1204,2391
1205,2304
1206,4725
1207,2508
1208,1488
1209,2100
1210,1485
1211,3597
1212,1761
1213,2283
1214,1476
1215,3615
1216,3378
1217,1428
1218,1800
1219,2535
1220,1737
1221,1842
1222,2508
1223,3609
1224,1461
1225,2100
1226,2508
1227,2556
1228,4044
1229,2268
1230,2985
1231,1800
1232,2547
1233,2478
1234,1809
1235,2199
1236,1437
1237,2307
1238,3264
1239,2529
1240,2313
1241,2547
1242,3318
1243,1734
1244,2814
1245,2820
1246,2040
1247,2520
1248,1821
1249,2001
1250,1485
1251,2880
1252,1995
1253,1776
1254,2541
1255,1482
1256,2043
1257,3672
1258,3009
1259,2862
1260,2025
1261,1779
1262,2796
1263,1746
1264,2760
1265,1548
1266,1494
1267,2586
1268,2016
1269,1413
1270,2079
1271,2733
1272,2289
1273,2538
1274,2499
1275,1440
1276,2574
1277,2277
1278,3303
1279,2277
1280,2904
1281,2778
1282,2622
1283,1773
1284,2256
1285,3933
1286,3330
1287,1440
1288,2757
1289,1731
1290,1461
1291,4173
1292,1392
1293,2355
1294,2001
1295,7527
1296,2085
1297,2118
1298,3021
1299,2775
1300,1809
1301,1737
1302,2094
1303,2568
1304,2283
1305,2607
1306,2292
1307,2238
1308,1818
1309,3882
1310,2817
1311,1416
1312,2088
1313,2244
1314,2634
1315,3660
1316,2553
1317,2571
1318,1734
1319,2841
1320,2520
1321,2118
1322,2247
1323,2052
1324,2043
1325,2865
1326,1998
1327,3033
1328,4440
1329,2295
1330,1635
1331,2103
1332,1959
1333,1986
1334,1554
1335,3870
1336,3891
1337,5652
1338,2550
1339,2529
1340,2340
1341,2022
1342,2112
1343,2520
1344,2796
1345,4077
1346,3207
1347,3132
1348,1419
1349,3642
1350,1449
1351,1521
1352,3585
1353,2592
1354,1752
1355,2340
1356,3336
1357,1875
1358,3030
1359,4038
1360,3324
1361,1797
1362,3114
1363,2046
1364,3612
1365,2013
1366,3345
1367,2688
1368,2850
1369,2847
1370,2259
1371,3774
1372,2328
1373,3345
1374,1482
1375,3912
1376,3102
1377,3093
1378,1455
1379,3234
1380,2535
1381,4152
1382,4101
1383,1998
1384,3570
1385,2877
1386,2241
1387,3873
1388,3090
1389,1773
1390,2265
1391,2544
1392,2826
1393,1980
1394,2826
1395,2511
1396,3099
1397,3264
1398,1809
1399,1983
1400,2802
1401,2235
1402,2238
1403,1740
1404,2238
1405,1464
1406,2847
1407,2886
1408,2352
1409,1503
1410,2160
1411,4437
1412,2292
1413,1998
1414,2820
1415,1857
1416,2085
1417,1779
1418,2553
1419,2016
1420,2814
1421,2349
1422,2556
1423,2085
1424,2589
1425,2814
1426,2811
1427,1767
1428,3075
1429,3285
1430,2781
1431,1455
1432,2043
1433,3078
1434,2508
1435,1998
1436,2382
1437,2487
1438,3612
1439,1779
1440,2571
1441,2778
1442,2250
1443,1815
1444,3744
1445,2577
1446,1719
1447,3579
1448,1797
1449,3663
1450,2016
1451,3363
1452,3585
1453,2547
1454,3252
1455,4149
1456,2319
1457,2829
1458,3852
1459,1455
1460,1854
1461,4197
1462,3642
1463,1722
1464,2067
1465,4134
1466,2814
1467,3042
1468,3147
1469,2784
1470,2502
1471,2526
1472,3060
1473,2601
1474,2556
1475,2574
1476,3777
1477,3063
1478,2046
1479,2589
1480,1761
1481,3645
1482,1836
1483,3144
1484,1467
1485,2580
1486,3861
1487,1479
1488,2073
1489,2877
1490,3321
1491,3372
1492,2604
1493,1770
1494,2811
1495,3567
1496,2844
1497,2043
1498,2814
1499,1743
1500,5475
1501,1701
1502,1827
1503,3360
1504,1443
1505,2343
1506,2844
1507,2079
1508,3051
1509,2091
1510,2787
1511,2253
1512,3636
1513,2508
1514,1416
1515,3126
1516,1974
1517,1446
1518,2055
1519,2064
1520,1413
1521,2550
1522,2079
1523,2040
1524,1515
1525,4449
1526,4692
1527,3039
1528,2064
1529,3297
1530,3393
1531,1728
1532,2298
1533,2979
1534,2571
1535,2556
1536,1791
1537,2010
1538,3411
1539,1455
1540,2577
1541,2295
1542,3261
1543,3291
1544,2043
1545,1821
1546,2496
1547,1836
1548,4140
1549,1905
1550,1416
1551,1506
1552,2586
1553,2394
1554,1767
1555,2574
1556,2616
1557,5757
1558,3477
1559,2514
1560,2337
1561,2859
1562,2607
1563,2058
1564,3372
1565,2727
1566,3300
1567,3402
1568,1866
1569,4212
1570,2820
1571,2085
1572,1494
1573,2625
1574,1482
1575,1842
1576,3597
1577,3387
1578,2598
1579,2628
1580,2541
1581,2634
1582,2295
1583,2133
1584,2562
1585,2655
1586,2904
1587,2073
1588,3177
1589,2310
1590,1590
1591,2406
1592,2400
1593,3387
1594,1539
1595,1461
1596,1920
1597,2823
1598,2307
1599,1752
1600,2559
1601,2259
1602,2619
1603,2673
1604,1497
1605,1560
1606,3039
1607,1776
1608,1785
1609,3345
1610,3135
1611,2664
1612,5022
1613,2979
1614,2586
1615,2376
1616,2451
1617,1560
1618,2772
1619,3279
1620,3147
1621,1581
1622,2082
1623,3612
1624,2136
1625,1956
1626,3003
1627,2370
1628,1800
1629,3288
1630,1869
1631,1848
1632,1824
1633,2052
1634,2868
1635,2307
1636,2925
1637,2610
1638,2010
1639,2115
1640,1509
1641,2502
1642,1773
1643,2571
1644,2064
1645,3954
1646,3066
1647,1440
1648,2331
1649,2088
1650,1851
1651,2844
1652,2412
1653,2334
1654,2169
1655,2271
1656,2943
1657,2601
1658,3351
1659,1755
1660,3561
1661,2031
1662,2544
1663,3126
1664,2601
1665,1983
1666,2322
1667,3075
1668,1989
1669,2373
1670,2241
1671,2352
1672,1470
1673,2118
1674,2562
1675,2139
1676,1788
1677,1884
1678,2571
1679,3111
1680,3369
1681,3396
1682,1950
1683,3162
1684,2466
1685,3036
1686,3657
1687,2565
1688,1806
1689,2850
1690,2073
1691,3672
1692,2316
1693,1449
1694,3696
1695,2592
1696,1785
1697,1509
1698,1443
1699,2880
1700,3414
1701,4665
1702,2874
1703,3759
1704,2835
1705,2358
1706,1518
1707,2394
1708,1782
1709,2430
1710,1428
1711,1596
1712,1458
1713,3723
1714,4485
1715,2274
1716,3150
1717,4431
1718,2550
1719,3399
1720,2103
1721,2310
1722,4941
1723,3003
1724,3705
1725,2001
1726,2106
1727,3051
1728,2811
1729,3576
1730,2607
1731,1818
1732,1998
1733,2835
1734,2544
1735,2871
1736,2781
1737,2382
1738,2313
1739,1848
1740,2313
1741,2097
1742,1383
1743,2841
1744,2253
1745,3888
1746,2592
1747,2844
1748,1467
1749,2025
1750,2820
1751,3333
1752,2559
1753,2028
1754,3093
1755,4128
1756,2595
1757,1989
1758,1755
1759,3810
1760,2283
1761,1479
1762,3804
1763,1992
1764,1773
1765,2094
1766,2109
1767,2547
1768,2829
1769,2313
1770,3138
1771,2346
1772,3297
1773,3330
1774,2262
1775,2772
1776,2316
1777,2580
1778,2835
1779,3282
1780,2709
1781,3576
1782,2319
1783,2595
1784,1785
1785,1467
1786,6519
1787,2316
1788,2322
1789,2229
1790,3621
1791,1764
1792,2343
1793,2079
1794,2067
1795,2859
1796,2814
1797,2262
1798,2829
1799,2499
1800,2061
1801,2190
1802,2325
1803,4194
1804,3789
1805,2526
1806,3018
1807,2526
1808,2511
1809,2352
1810,2088
1811,3096
1812,1497
1813,1770
1814,1446
1815,2868
1816,1527
1817,3384
1818,2100
1819,2568
1820,4146
1821,2286
1822,4710
1823,2220
1824,2286
1825,1767
1826,2040
1827,3363
1828,2016
1829,2601
1830,3024
1831,2325
1832,2547
1833,2334
1834,3864
1835,2850
1836,2010
1837,2835
1838,3015
1839,2025
1840,1776
1841,4092
1842,2286
1843,2268
1844,2538
1845,2028
1846,2808
1847,1731
1848,3135
1849,2022
1850,1806
1851,2562
1852,1761
1853,1725
1854,2268
1855,1434
1856,2595
1857,1752
1858,3663
1859,2079
1860,1740
1861,2799
1862,2793
1863,1791
1864,3099
1865,3351
1866,3399
1867,2886
1868,2022
1869,3627
1870,3048
1871,2280
1872,2313
1873,1818
1874,3384
1875,3357
1876,1845
1877,2808
1878,4143
1879,1749
1880,2811
1881,1989
1882,3654
1883,3414
1884,2301
1885,1506
1886,2568
1887,2307
1888,2286
1889,3336
1890,3072
1891,2286
1892,3882
1893,3585
1894,1449
1895,2847
1896,3351
1897,2826
1898,2046
1899,2835
1900,2517
1901,2046
1902,1746
1903,3351
1904,2751
1905,1758
1906,3141
1907,2796
1908,3117
1909,1740
1910,2370
1911,3063
1912,3369
1913,2886
1914,1776
1915,3075
1916,3333
1917,1518
1918,2358
1919,2268
1920,2373
1921,2004
1922,1800
1923,2370
1924,3051
1925,2019
1926,2736
1927,2550
1928,2793
1929,1440
1930,2868
1931,3348
1932,2820
1933,2367
1934,1704
1935,3825
1936,2007
1937,2091
1938,2331
1939,1731
1940,2622
1941,2268
1942,3096
1943,3072
1944,3408
1945,3015
1946,2097
1947,3297
1948,1992
1949,2811
1950,3384
1951,2301
1952,2283
1953,2265
1954,2001
1955,3081
1956,3630
1957,2067
1958,2298
1959,2040
1960,1791
1961,1464
1962,2046
1963,1746
1964,2040
1965,2592
1966,2298
1967,2001
1968,3585
1969,2820
1970,3159
1971,3573
1972,2565
1973,2043
1974,3033
1975,2280
1976,3888
1977,2289
1978,1794
1979,2796
1980,1809
1981,2232
1982,3372
1983,1749
1984,1458
1985,3663
1986,3636
1987,3657
1988,1443
1989,1449
1990,2313
1991,2079
1992,1710
1993,2040
1994,2253
1995,2892
1996,2505
1997,2724
1998,1998
1999,2355
2000,3588
2001,1821
2002,2589
2003,1716
2004,2031
2005,2049
2006,3909
2007,3030
2008,3006
2009,2811
2010,1767
2011,2283
2012,1854
2013,2553
2014,1773
2015,2484
2016,3888
2017,5187
2018,2583
2019,2070
2020,3336
2021,2286
2022,2529
2023,1866
2024,2247
2025,2604
2026,3066
2027,2097
2028,1407
2029,2652
2030,2016
2031,2799
2032,3621
2033,1485
2034,3384
2035,2286
2036,1500
2037,2556
2038,2070
2039,2010
2040,2265
2041,2517
2042,3066
2043,3096
2044,1803
2045,2331
2046,3099
2047,2841
2048,2589
2049,2517
2050,3393
2051,2553
2052,3861
2053,2817
2054,2040
2055,2850
2056,2034
2057,2886
2058,2739
2059,2784
2060,2277
2061,1794
2062,1710
2063,3015
2064,1410
2065,3318
2066,2274
2067,2343
2068,2595
2069,2841
2070,2859
2071,1719
2072,3069
2073,3882
2074,1428
2075,2079
2076,2085
2077,2796
2078,2583
2079,2289
2080,3657
2081,3324
2082,2547
2083,1827
2084,1791
2085,2307
2086,2307
2087,2055
2088,2289
2089,4212
2090,2511
2091,3102
2092,2538
2093,3027
2094,2499
2095,3540
2096,2811
2097,2106
2098,3312
2099,2805
2100,1776
2101,3516
2102,2106
2103,4077
2104,3426
2105,1446
2106,2580
2107,3006
2108,2559
2109,1998
2110,3399
2111,2304
2112,3135
2113,3588
2114,2820
2115,2784
2116,2040
2117,4041
2118,1761
2119,2850
2120,2244
2121,2055
2122,3315
2123,2835
2124,3681
2125,2832
2126,2277
2127,2853
2128,3126
2129,1773
2130,2826
2131,2250
2132,1902
2133,2013
2134,2535
2135,2601
2136,3084
2137,2571
2138,3390
2139,3549
2140,2259
2141,2520
2142,2079
2143,1722
2144,3117
2145,2811
2146,3618
2147,2619
2148,1785
2149,3921
2150,1743
2151,2040
2152,2604
2153,2835
2154,2271
2155,2268
2156,2208
2157,2025
2158,2538
2159,2904
2160,1989
2161,2244
2162,3093
2163,2241
2164,1500
2165,1485
2166,2313
2167,1980
2168,2322
2169,2028
2170,1806
2171,3312
2172,2793
2173,2820
2174,1767
2175,2316
2176,3357
2177,2280
2178,2073
2179,3156
2180,2298
2181,2295
2182,2292
2183,2556
2184,2556
2185,3582
2186,2838
2187,2571
2188,2070
2189,3387
2190,2328
2191,3357
2192,3831
2193,3123
2194,1848
2195,2274
2196,1800
2197,2577
2198,3114
2199,3057
2200,2010
2201,2241
2202,2256
2203,2634
2204,2796
2205,1992
2206,2280
2207,3558
2208,2316
2209,1749
2210,2835
2211,1476
2212,2298
2213,2073
2214,2061
2215,2823
2216,2616
2217,3687
2218,2322
2219,2316
2220,2283
2221,2337
2222,1983
2223,1815
2224,3306
2225,1785
2226,1776
2227,2553
2228,2820
2229,3603
2230,1464
2231,3645
2232,4686
2233,3579
2234,2595
2235,3855
2236,2103
2237,2493
2238,2877
2239,2559
2240,1473
2241,2607
2242,2865
2243,1764
2244,1995
2245,2319
2246,2565
2247,2574
2248,3315
2249,1455
2250,2550
2251,2799
2252,3360
2253,1794
2254,1425
2255,2340
2256,3288
2257,4341
2258,3621
2259,2547
2260,2004
2261,2028
2262,2571
2263,2280
2264,1812
2265,3060
2266,2538
2267,1974
2268,2820
2269,2043
2270,1782
2271,3084
2272,2085
2273,2820
2274,3117
2275,2334
2276,2595
2277,3117
2278,2259
2279,3342
2280,4644
2281,2091
2282,2040
2283,2304
2284,3261
2285,2745
2286,2280
2287,2043
2288,2529
2289,1767
2290,2109
2291,2265
2292,1776
2293,2751
2294,1476
2295,2568
2296,3117
2297,1971
2298,3654
2299,1758
2300,2301
2301,2526
2302,3318
2303,3039
2304,3090
2305,3102
2306,3618
2307,1809
2308,3144
2309,3912
2310,3876
2311,2136
2312,2070
2313,2373
2314,2622
2315,4266
2316,2034
2317,2031
2318,2313
2319,3081
2320,2262
2321,3336
2322,2040
2323,1731
2324,2310
2325,2772
2326,3867
2327,1818
2328,3105
2329,2499
2330,1821
2331,2295
2332,2094
2333,2007
2334,2289
2335,2004
2336,2850
2337,2358
2338,2391
2339,3129
2340,1770
2341,3396
2342,2580
2343,2109
2344,3306
2345,2625
2346,2076
2347,3639
2348,1731
2349,2808
2350,2592
2351,2589
2352,3066
2353,1488
2354,2880
2355,2271
2356,1479
2357,2040
2358,2592
2359,2226
2360,1824
2361,2373
2362,3948
2363,1764
2364,2307
2365,3795
2366,2898
2367,2526
2368,2628
2369,3375
2370,2610
2371,2901
2372,2490
2373,2325
2374,2037
2375,1806
2376,2835
2377,2838
2378,2865
2379,3177
2380,2820
2381,2568
2382,2811
2383,2343
2384,2859
2385,1839
2386,3729
2387,2337
2388,2604
2389,2559
2390,2589
2391,3045
2392,1788
2393,3378
2394,2304
2395,2781
2396,3573
2397,1467
2398,2358
2399,2526
2400,3933
2401,2001
2402,2148
2403,1497
2404,1815
2405,3924
2406,2559
2407,2616
2408,3216
2409,2325
2410,1773
2411,1839
2412,2826
2413,4374
2414,2061
2415,3324
2416,3108
2417,1518
2418,2433
2419,1992
2420,2295
2421,2826
2422,2799
2423,2517
2424,3075
2425,2775
2426,2592
2427,3336
2428,3114
2429,1497
2430,2853
2431,2802
2432,2616
2433,2286
2434,2325
2435,1785
2436,2331
2437,3675
2438,3069
2439,3150
2440,2076
2441,2622
2442,3045
2443,2925
2444,2553
2445,2340
2446,4125
2447,1743
2448,2280
2449,1839
2450,1476
2451,3063
2452,2094
2453,1782
2454,2823
2455,2529
2456,2055
2457,2352
2458,1479
2459,3348
2460,2595
2461,2589
2462,2583
2463,3144
2464,2127
2465,2562
2466,3147
2467,2094
2468,2799
2469,2061
2470,2022
2471,3363
2472,2565
2473,2604
2474,2556
2475,2637
2476,2889
2477,1806
2478,1782
2479,2616
2480,3375
2481,1542
2482,2868
2483,2835
2484,2598
2485,1758
2486,2061
2487,2796
2488,2838
2489,2844
2490,2847
2491,2493
2492,1443
2493,3360
2494,2052
2495,1758
2496,2589
2497,2568
2498,3309
2499,1839
2500,1785
2501,2832
2502,1737
2503,2334
2504,2346
2505,2328
2506,3894
2507,1806
2508,3345
2509,3993
2510,2328
2511,2631
2512,2562
2513,1461
2514,3363
2515,2523
2516,2061
2517,3147
2518,2286
2519,3888
2520,2106
2521,2562
2522,4143
2523,1773
2524,1752
2525,3063
2526,2634
2527,2013
2528,3882
2529,2019
2530,2676
2531,2547
2532,2850
2533,3609
2534,2286
2535,2904
2536,2553
2537,2868
2538,2067
2539,1740
2540,2073
2541,2355
2542,2523
2543,2856
2544,2064
2545,1812
2546,3423
2547,2445
2548,2298
2549,2808
2550,2781
2551,2538
2552,2823
2553,2265
2554,3141
2555,2865
2556,3066
2557,2055
2558,2325
2559,3519
2560,3390
2561,2028
2562,2385
2563,1776
2564,2016
2565,2319
2566,4425
2567,2577
2568,2580
2569,3387
2570,2853
2571,2586
2572,3321
2573,2328
2574,2343
2575,3588
2576,2271
2577,2628
2578,2604
2579,2571
2580,3111
2581,2769
2582,2565
2583,3519
2584,2622
2585,3024
2586,3672
2587,2631
2588,2820
2589,1404
2590,1779
2591,3024
2592,3423
2593,3876
2594,3900
2595,3144
2596,2043
2597,2565
2598,3660
2599,2100
2600,2040
2601,2319
2602,2274
2603,2043
2604,1749
2605,2076
2606,3324
2607,1503
2608,1824
2609,3387
2610,3153
2611,2835
2612,3117
2613,2844
2614,2301
2615,2547
2616,2787
2617,2211
2618,2013
2619,3042
2620,2562
2621,3060
2622,1518
2623,2685
2624,2613
2625,3108
2626,2250
2627,2049
2628,3144
2629,1992
2630,1731
2631,2271
2632,2814
2633,2319
2634,2832
2635,2619
2636,1764
2637,3084
2638,2988
2639,2025
2640,2628
2641,2103
2642,2820
2643,2802
2644,2532
2645,2583
2646,2022
2647,2517
2648,2301
2649,3822
2650,2580
2651,1986
2652,2046
2653,2028
2654,2277
2655,1995
2656,2103
2657,2286
2658,3174
2659,2289
2660,1746
2661,2001
2662,2541
2663,3186
2664,1422
2665,2889
2666,3315
2667,3951
2668,2559
2669,1770
2670,1968
2671,2304
2672,2487
2673,1803
2674,5667
2675,3636
2676,2856
2677,2256
2678,2322
2679,3021
2680,2823
2681,2010
2682,3048
2683,1755
2684,2829
2685,2016
2686,2085
2687,1743
2688,2286
2689,1812
2690,2094
2691,2283
2692,1464
2693,4440
2694,2811
2695,2856
2696,2304
2697,2886
2698,2502
2699,2079
2700,1737
2701,2325
2702,1953
2703,3342
2704,2838
2705,2601
2706,2508
2707,1773
2708,2859
2709,3624
2710,1839
2711,2529
2712,2814
2713,2502
2714,2100
2715,3360
2716,2595
2717,1785
2718,2322
2719,2532
2720,3366
2721,2265
2722,2787
2723,2253
2724,4365
2725,2313
2726,2235
2727,2355
2728,3087
2729,2286
2730,2001
2731,2853
2732,1947
2733,1824
2734,2757
2735,4404
2736,2547
2737,3879
2738,2382
2739,2247
2740,1779
2741,2253
2742,2586
2743,2301
2744,3612
2745,3543
2746,1851
2747,2790
2748,2601
2749,2001
2750,2073
2751,3042
2752,1491
2753,3099
2754,2853
2755,2415
2756,2532
2757,2625
2758,2061
2759,3591
2760,1986
2761,2919
2762,2079
2763,2607
2764,2043
2765,2571
2766,2277
2767,2817
2768,3042
2769,3420
2770,3855
2771,2808
2772,1848
2773,2580
2774,3090
2775,2349
2776,2328
2777,2559
2778,2634
2779,2586
2780,2529
2781,2055
2782,2541
2783,2586
2784,2292
2785,2775
2786,2826
2787,3090
2788,1716
2789,2043
2790,2805
2791,2814
2792,2112
2793,2370
2794,3660
2795,2061
2796,2001
2797,1797
2798,1752
2799,1470
2800,2853
2801,2610
2802,2604
2803,4110
2804,2037
2805,2301
2806,3039
2807,3924
2808,1761
2809,3600
2810,2895
2811,2550
2812,3645
2813,2313
2814,3093
2815,4344
2816,2613
2817,2025
2818,1590
2819,4254
2820,3657
2821,2352
2822,3369
2823,2091
2824,3138
2825,2319
2826,1761
2827,1797
2828,3588
2829,3675
2830,1785
2831,2601
2832,2790
2833,3135
2834,2070
2835,3306
2836,2256
2837,2562
2838,2325
2839,2052
2840,2319
2841,3240
2842,3351
2843,1977
2844,2289
2845,2490
2846,3840
2847,2496
2848,3300
2849,2556
2850,2010
2851,3375
2852,2268
2853,3348
2854,2322
2855,2598
2856,2301
2857,1794
2858,2010
2859,3876
2860,2754
2861,4416
2862,2484
2863,2562
2864,2574
2865,3345
2866,2538
2867,2289
2868,2328
2869,3096
2870,2571
2871,2001
2872,2565
2873,2808
2874,2595
2875,3030
2876,1767
2877,2814
2878,3078
2879,2778
2880,3627
2881,2016
2882,2868
2883,2214
2884,2004
2885,2622
2886,2589
2887,2613
2888,1455
2889,2091
2890,1710
2891,3330
2892,2781
2893,2301
2894,2796
2895,3408
2896,2853
2897,2592
2898,3129
2899,2724
2900,2316
2901,2571
2902,3288
2903,2028
2904,3330
2905,3594
2906,3633
2907,2280
2908,3057
2909,1998
2910,1998
2911,2541
2912,2331
2913,3075
2914,2079
2915,2352
2916,2244
2917,2607
2918,2280
2919,2322
2920,2823
2921,2268
2922,2010
2923,2286
2924,3051
2925,2304
2926,2199
2927,1863
2928,2577
2929,2289
2930,2295
2931,2793
2932,1854
2933,2580
2934,3075
2935,3348
2936,2055
2937,2262
2938,2520
2939,2856
2940,3036
2941,2025
2942,2517
2943,1986
2944,1500
2945,2028
2946,2583
2947,2070
2948,1992
2949,2028
2950,2793
2951,1500
2952,2559
2953,2331
2954,3543
2955,2556
2956,2562
2957,2376
2958,2256
2959,1452
2960,2292
2961,2316
2962,2292
2963,2559
2964,2061
2965,2577
2966,2331
2967,2235
2968,1827
2969,1761
2970,2517
2971,2001
2972,1731
2973,1731
2974,1806
2975,2031
2976,3075
2977,2781
2978,2544
2979,2109
2980,2517
2981,2085
2982,2550
2983,2310
2984,2814
2985,2808
2986,2244
2987,1443
2988,2052
2989,2295
2990,2016
2991,3105
2992,3093
2993,2061
2994,2334
2995,3042
2996,2568
2997,2796
2998,1863
2999,1755
3000,3057
3001,3042
3002,2808
3003,2565
3004,3840
3005,2229
3006,2559
3007,1749
3008,3321
3009,3855
3010,2025
3011,2091
3012,3291
3013,3063
3014,2805
3015,1794
3016,2004
3017,3351
3018,2526
3019,3078
3020,2550
3021,2943
3022,2220
3023,3546
3024,1419
3025,2580
3026,4053
3027,2526
3028,2826
3029,2211
3030,2511
3031,3009
3032,3168
3033,2280
3034,2280
3035,3063
3036,2352
3037,2238
3038,2106
3039,2028
3040,2316
3041,3369
3042,2295
3043,2085
3044,2559
3045,3513
3046,2259
3047,3870
3048,2274
3049,2565
3050,2292
3051,2412
3052,2241
3053,2637
3054,2511
3055,3600
3056,3045
3057,3354
3058,2598
3059,2049
3060,3111
3061,2853
3062,3126
3063,2028
3064,2628
3065,2049
3066,2607
3067,2778
3068,3123
3069,1497
3070,2064
3071,2013
3072,2916
3073,2559
3074,2034
3075,4161
3076,2031
3077,2055
3078,1749
3079,2007
3080,2877
3081,4170
3082,1443
3083,1833
3084,2001
3085,2565
3086,2565
3087,3012
3088,2496
3089,2088
3090,3099
3091,1779
3092,2841
3093,2565
3094,2547
3095,2007
3096,3378
3097,2859
3098,3363
3099,2289
3100,2022
3101,2814
3102,2337
3103,2772
3104,3087
3105,3318
3106,3603
3107,2265
3108,2526
3109,2613
3110,2016
3111,2259
3112,1992
3113,2010
3114,2043
3115,3039
3116,1764
3117,3318
3118,3021
3119,2820
3120,2601
3121,3123
3122,4245
3123,2304
3124,2313
3125,2739
3126,2355
3127,1716
3128,3141
3129,3081
3130,2856
3131,3327
3132,1827
3133,2268
3134,2850
3135,1758
3136,2823
3137,2754
3138,2298
3139,2571
3140,2604
3141,3096
3142,2022
3143,2559
3144,2001
3145,2031
3146,1767
3147,1818
3148,3081
3149,3606
3150,2259
3151,1818
3152,3066
3153,2817
3154,2607
3155,1956
3156,1779
3157,3534
3158,4131
3159,3072
3160,2892
3161,2553
3162,2304
3163,1719
3164,2838
3165,2562
3166,2307
3167,2031
3168,2589
3169,2028
3170,1797
3171,1734
3172,3795
3173,2031
3174,2016
3175,2331
3176,2307
3177,2598
3178,2487
3179,3381
3180,3288
3181,3120
3182,2523
3183,3579
3184,2025
3185,2340
3186,2331
3187,3087
3188,3042
3189,2502
3190,1770
3191,3012
3192,2295
3193,3606
3194,2820
3195,2070
3196,2289
3197,2619
3198,3564
3199,2292
3200,2028
3201,2289
3202,2073
3203,2079
3204,3366
3205,2250
3206,2739
3207,3048
3208,2319
3209,2838
3210,2349
3211,2565
3212,2778
3213,1836
3214,2565
3215,2901
3216,2505
3217,2046
3218,1482
3219,2511
3220,2271
3221,2457
3222,2619
3223,2805
3224,2313
3225,2535
3226,2766
3227,3072
3228,1737
3229,2838
3230,2562
3231,2202
3232,2373
3233,1497
3234,2646
3235,1806
3236,2814
3237,2580
3238,3270
3239,3066
3240,2298
3241,3081
3242,2367
3243,2850
3244,3780
3245,2466
3246,2790
3247,3057
3248,2262
3249,2247
3250,3864
3251,3321
3252,2325
3253,2196
3254,2037
3255,2544
3256,2283
3257,2307
3258,2073
3259,2280
3260,2589
3261,2040
3262,2565
3263,1737
3264,2604
3265,3588
3266,2079
3267,3105
3268,4383
3269,2808
3270,2052
3271,2328
3272,2595
3273,2856
3274,2004
3275,2097
3276,3279
3277,2517
3278,2040
3279,2010
3280,2013
3281,2532
3282,2541
3283,3345
3284,2841
3285,2523
3286,2871
3287,2244
3288,1770
3289,2034
3290,2634
3291,2316
3292,3036
3293,2550
3294,2316
3295,2550
3296,3111
3297,2610
3298,1941
3299,2346
3300,3636
3301,1524
3302,2847
3303,2556
3304,2721
3305,3102
3306,2790
3307,2406
3308,3057
3309,1773
3310,1704
3311,2880
3312,2067
3313,4233
3314,2568
3315,1992
3316,2271
3317,2244
3318,2292
3319,2013
3320,2565
3321,2523
3322,1959
3323,2811
3324,2013
3325,1455
3326,2640
3327,2562
3328,1827
3329,3339
3330,4101
3331,3675
3332,3468
3333,2061
3334,1788
3335,2637
3336,2313
3337,3573
3338,2274
3339,3195
3340,2205
3341,2370
3342,4626
3343,2829
3344,2829
3345,2895
3346,3315
3347,2088
3348,2598
3349,2019
3350,2856
3351,3387
3352,2142
3353,2817
3354,2031
3355,1755
3356,2052
3357,3372
3358,2580
3359,2826
3360,2832
3361,1737
3362,2601
3363,2904
3364,2313
3365,1800
3366,1998
3367,2895
3368,2358
3369,2826
3370,2322
3371,1767
3372,3096
3373,2601
3374,2310
3375,2226
3376,1755
3377,2877
3378,2889
3379,3384
3380,2883
3381,2310
3382,1854
3383,2823
3384,3081
3385,4176
3386,3672
3387,1743
3388,3657
3389,2499
3390,2316
3391,2559
3392,2529
3393,1788
3394,2865
3395,2052
3396,2334
3397,2304
3398,3291
3399,2859
3400,1782
3401,1845
3402,1749
3403,2070
3404,2538
3405,2355
3406,2538
3407,2271
3408,1992
3409,2388
3410,2835
3411,2535
3412,2652
3413,2499
3414,1809
3415,1968
3416,2361
3417,2250
3418,2775
3419,2508
3420,2280
3421,1812
3422,2514
3423,2799
3424,2043
3425,2520
3426,1989
3427,3801
3428,2544
3429,2613
3430,2541
3431,3375
3432,2247
3433,2886
3434,2004
3435,2304
3436,2031
3437,1434
3438,3405
3439,3873
3440,3663
3441,4125
3442,2583
3443,2514
3444,3855
3445,2043
3446,4395
3447,2505
3448,2565
3449,2769
3450,2838
3451,2757
3452,2013
3453,3096
3454,2802
3455,2790
3456,1776
3457,1479
3458,2094
3459,2346
3460,2562
3461,2301
3462,2304
3463,3630
3464,2262
3465,2379
3466,2793
3467,3363
3468,2286
3469,2640
3470,3240
3471,1746
3472,2244
3473,2565
3474,1809
3475,1419
3476,2613
3477,2304
3478,1803
3479,1440
3480,1833
3481,1719
3482,2331
3483,2340
3484,3105
3485,2319
3486,3060
3487,2286
3488,1782
3489,3579
3490,3429
3491,2856
3492,1719
3493,2583
3494,1773
3495,2577
3496,2577
3497,2646
3498,2523
3499,1797
3500,2559
3501,2544
3502,2754
3503,2787
3504,3159
3505,2598
3506,2589
3507,3102
3508,2001
3509,2016
3510,2349
3511,1761
3512,2559
3513,1740
3514,2853
3515,3078
3516,2025
3517,3654
3518,3090
3519,3096
3520,2856
3521,2550
3522,1422
3523,2352
3524,3321
3525,1785
3526,3057
3527,2100
3528,3915
3529,2121
3530,2067
3531,2052
3532,3027
3533,2034
3534,2853
3535,2514
3536,2547
3537,2268
3538,3021
3539,2604
3540,2082
3541,1743
3542,4137
3543,3318
3544,1740
3545,3066
3546,2886
3547,3348
3548,2394
3549,3300
3550,2328
3551,1737
3552,3069
3553,3801
3554,3618
3555,2316
3556,1767
3557,3150
3558,2289
3559,3864
3560,2298
3561,1569
3562,2106
3563,2274
3564,1998
3565,2799
3566,2271
3567,2775
3568,3054
3569,3138
3570,2580
3571,2541
3572,2832
3573,2022
3574,3354
3575,2313
3576,2361
3577,2265
3578,3396
3579,2010
3580,2532
3581,3084
3582,2553
3583,2844
3584,3327
3585,2769
3586,2832
3587,4653
3588,2070
3589,3108
3590,3894
3591,2589
3592,2244
3593,3234
3594,2325
3595,3660
3596,2049
3597,3615
3598,4086
3599,2310
3600,1782
3601,3132
3602,1842
3603,2265
3604,3267
3605,2916
3606,3342
3607,2283
3608,2376
3609,2541
3610,2574
3611,3639
3612,3138
3613,1755
3614,2391
3615,2616
3616,1857
3617,2826
3618,2346
3619,3345
3620,1983
3621,3174
3622,1797
3623,3168
3624,1755
3625,2589
3626,2559
3627,2061
3628,2790
3629,2073
3630,3048
3631,1497
3632,2280
3633,1752
3634,3084
3635,2847
3636,2082
3637,1986
3638,2274
3639,2475
3640,2271
3641,3807
3642,2544
3643,2487
3644,3654
3645,3228
3646,1464
3647,2325
3648,1749
3649,2568
3650,2535
3651,2334
3652,3093
3653,2313
3654,2016
3655,2217
3656,2088
3657,2082
3658,2061
3659,2052
3660,2505
3661,2334
3662,1488
3663,2340
3664,2580
3665,2616
3666,3069
3667,2730
3668,2025
3669,2316
3670,2841
3671,2238
3672,2307
3673,2790
3674,2604
3675,3561
3676,2760
3677,1980
3678,2850
3679,3183
3680,2313
3681,2811
3682,2094
3683,2847
3684,2499
3685,2340
3686,1443
3687,2637
3688,1758
3689,2343
3690,2223
3691,2004
3692,2808
3693,2319
3694,2877
3695,2583
3696,1725
3697,2091
3698,2889
3699,3129
3700,3363
3701,1692
3702,2580
3703,2580
3704,1797
3705,2250
3706,2082
3707,2538
3708,2844
3709,3558
3710,2514
3711,2274
3712,2112
3713,1785
3714,3369
3715,2184
3716,2325
3717,2058
3718,3285
3719,2589
3720,2043
3721,3105
3722,3081
3723,2367
3724,3327
3725,2364
3726,2547
3727,2523
3728,2034
3729,3552
3730,2823
3731,2055
3732,3891
3733,3060
3734,2322
3735,2556
3736,2556
3737,2316
3738,2823
3739,2247
3740,2040
3741,2538
3742,3315
3743,1713
3744,2568
3745,3597
3746,2511
3747,1452
3748,2088
3749,3912
3750,2019
3751,2091
3752,2577
3753,2337
3754,2547
3755,2088
3756,2529
3757,2793
3758,1746
3759,1800
3760,2790
3761,2322
3762,2550
3763,1998
3764,3936
3765,2061
3766,2583
3767,2814
3768,2310
3769,2472
3770,2325
3771,2250
3772,2295
3773,3003
3774,2517
3775,2235
3776,2361
3777,2070
3778,2361
3779,2607
3780,1770
3781,2019
3782,2559
3783,3336
3784,2019
3785,4128
3786,2550
3787,2343
3788,3123
3789,2607
3790,3273
3791,2790
3792,2559
3793,3123
3794,2121
3795,2589
3796,2592
3797,2019
3798,2037
3799,2505
3800,2304
3801,2538
3802,2073
3803,3090
3804,2811
3805,3792
3806,1797
3807,3045
3808,2844
3809,2799
3810,2826
3811,3423
3812,2739
3813,3102
3814,2292
3815,2841
3816,3369
3817,2592
3818,2040
3819,4179
3820,2559
3821,2325
3822,1758
3823,2319
3824,2847
3825,2586
3826,2124
3827,2286
3828,3363
3829,2343
3830,2838
3831,3363
3832,2286
3833,2847
3834,3048
3835,3027
3836,3366
3837,2790
3838,2139
3839,1974
3840,2565
3841,3573
3842,5280
3843,1797
3844,3540
3845,2337
3846,3312
3847,2892
3848,2271
3849,2790
3850,2568
3851,3084
3852,1752
3853,2607
3854,2841
3855,2544
3856,3036
3857,2085
3858,3066
3859,2829
3860,3816
3861,2772
3862,2631
3863,2262
3864,3906
3865,1416
3866,2889
3867,2271
3868,2316
3869,2748
3870,2340
3871,1968
3872,3555
3873,3363
3874,2610
3875,2319
3876,2574
3877,2832
3878,3660
3879,2565
3880,2793
3881,3120
3882,2292
3883,3666
3884,2889
3885,3609
3886,2505
3887,1449
3888,3420
3889,1995
3890,1506
3891,1779
3892,2922
3893,3066
3894,2601
3895,3342
3896,2058
3897,3057
3898,3678
3899,2499
3900,2619
3901,1446
3902,2622
3903,2304
3904,2328
3905,4209
3906,2544
3907,2058
3908,2826
3909,1806
3910,2793
3911,2067
3912,2520
3913,2337
3914,2313
3915,3099
3916,2514
3917,2853
3918,2052
3919,1488
3920,2901
3921,2616
3922,2580
3923,2307
3924,2550
3925,2343
3926,2061
3927,2595
3928,2034
3929,2028
3930,3849
3931,2310
3932,2022
3933,2475
3934,1443
3935,1773
3936,4476
3937,2535
3938,3015
3939,1776
3940,3570
3941,2367
3942,1752
3943,2094
3944,1980
3945,2838
3946,2787
3947,2622
3948,2511
3949,2817
3950,2781
3951,2070
3952,2052
3953,1758
3954,2898
3955,2586
3956,2832
3957,3903
3958,2826
3959,1749
3960,2148
3961,2004
3962,2052
3963,1425
3964,4323
3965,2244
3966,2340
3967,2826
3968,2319
3969,3273
3970,2511
3971,3345
3972,1713
3973,2784
3974,2883
3975,2592
3976,2769
3977,2619
3978,3054
3979,2286
3980,2058
3981,2298
3982,2574
3983,2604
3984,2541
3985,2313
3986,1770
3987,2289
3988,3093
3989,1986
3990,2538
3991,2820
3992,2298
3993,2601
3994,1758
3995,3024
3996,4338
3997,2820
3998,2520
3999,3648
4000,2805
4001,3606
4002,1782
4003,2592
4004,2562
4005,2268
4006,2244
4007,2307
4008,1776
4009,2073
4010,2016
4011,2112
4012,2508
4013,2880
4014,2310
4015,3114
4016,1776
4017,2622
4018,3252
4019,2319
4020,2046
4021,2043
4022,3921
4023,2289
4024,2103
4025,2286
4026,2256
4027,2220
4028,2823
4029,3786
4030,2325
4031,2805
4032,3372
4033,2256
4034,3876
4035,2790
4036,2760
4037,3372
4038,2526
4039,2571
4040,2583
4041,2913
4042,1788
4043,2058
4044,3312
4045,3177
4046,2031
4047,2589
4048,1983
4049,1767
4050,2595
4051,1731
4052,2601
4053,2280
4054,2832
4055,1716
4056,2295
4057,2559
4058,2565
4059,2304
4060,3039
4061,2268
4062,2325
4063,3015
4064,2562
4065,3813
4066,2625
4067,2532
4068,2835
4069,2310
4070,1986
4071,1815
4072,2586
4073,2097
4074,2064
4075,3057
4076,2805
4077,2838
4078,2868
4079,2814
4080,2022
4081,2043
4082,1770
4083,2019
4084,2019
4085,3855
4086,1833
4087,1986
4088,2292
4089,2553
4090,2313
4091,1752
4092,2538
4093,3909
4094,2349
4095,3897
4096,2091
4097,3924
4098,2391
4099,2859
4100,2781
4101,2034
4102,2505
4103,2109
4104,1797
4105,2517
4106,2727
4107,2127
4108,2259
4109,2376
4110,2760
4111,3051
4112,2271
4113,2097
4114,1848
4115,2520
4116,2568
4117,2502
4118,2025
4119,3087
4120,2619
4121,1989
4122,1833
4123,2589
4124,2781
4125,3057
4126,2895
4127,3369
4128,1803
4129,2625
4130,3162
4131,2109
4132,2295
4133,2391
4134,2040
4135,1845
4136,2559
4137,4101
4138,2565
4139,2340
4140,2775
4141,3630
4142,1989
4143,2073
4144,2808
4145,3090
4146,2607
4147,2565
4148,3183
4149,2322
4150,2397
4151,2544
4152,2568
4153,3423
4154,2286
4155,2835
4156,2175
4157,1734
4158,3126
4159,2580
4160,2373
4161,2781
4162,2568
4163,1803
4164,2520
4165,2292
4166,3576
4167,2289
4168,3339
4169,3609
4170,2310
4171,2325
4172,2250
4173,3426
4174,2769
4175,2211
4176,3036
4177,2034
4178,2928
4179,3072
4180,1809
4181,2268
4182,1752
4183,2499
4184,2316
4185,2796
4186,1809
4187,3402
4188,2832
4189,2544
4190,4386
4191,3087
4192,3333
4193,2286
4194,3120
4195,2055
4196,2799
4197,3558
4198,2019
4199,2790
4200,3834
4201,2859
4202,2520
4203,3126
4204,3057
4205,2049
4206,3684
4207,2565
4208,2313
4209,2034
4210,2268
4211,4134
4212,2088
4213,2223
4214,1758
4215,2040
4216,2334
4217,3069
4218,1467
4219,2343
4220,2532
4221,2808
4222,2622
4223,3558
4224,2310
4225,2811
4226,2319
4227,2022
4228,2067
4229,2334
4230,3861
4231,2640
4232,2052
4233,2055
4234,3087
4235,2568
4236,3057
4237,1875
4238,2760
4239,1761
4240,2280
4241,2547
4242,2643
4243,2289
4244,1791
4245,3129
4246,2292
4247,3318
4248,1833
4249,2865
4250,3369
4251,3336
4252,2640
4253,2823
4254,3123
4255,2319
4256,3069
4257,1977
4258,2073
4259,2292
4260,2577
4261,2559
4262,2550
4263,2622
4264,2253
4265,2052
4266,2499
4267,2610
4268,1719
4269,2601
4270,2799
4271,2610
4272,2328
4273,2571
4274,2058
4275,3741
4276,2313
4277,2769
4278,2109
4279,2331
4280,3120
4281,3369
4282,1833
4283,3300
4284,2823
4285,3063
4286,3090
4287,3045
4288,2844
4289,3069
4290,2031
4291,2862
4292,2847
4293,2862
4294,2313
4295,3126
4296,2334
4297,3108
4298,2319
4299,3381
4300,3351
4301,1806
4302,2784
4303,2886
4304,3636
4305,2559
4306,2841
4307,3042
4308,2589
4309,2319
4310,1779
4311,3036
4312,3084
4313,1425
4314,3099
4315,2823
4316,2316
4317,3087
4318,3099
4319,2043
4320,2817
4321,3534
4322,2286
4323,2037
4324,1764
4325,2322
4326,2796
4327,2049
4328,2262
4329,2112
4330,1791
4331,2316
4332,1995
4333,3075
4334,1791
4335,3354
4336,3054
4337,1524
4338,2340
4339,2571
4340,3813
4341,3060
4342,2586
4343,1974
4344,2538
4345,2811
4346,3675
4347,2559
4348,2832
4349,4863
4350,1839
4351,2328
4352,2286
4353,3048
4354,1749
4355,2085
4356,3093
4357,3066
4358,2526
4359,2844
4360,2301
4361,1497
4362,2352
4363,2595
4364,1467
4365,2604
4366,2262
4367,3480
4368,1800
4369,2091
4370,2067
4371,2301
4372,2598
4373,2265
4374,2433
4375,2310
4376,2430
4377,3594
4378,2817
4379,1746
4380,2589
4381,2760
4382,3909
4383,2559
4384,2061
4385,2106
4386,2811
4387,2064
4388,2283
4389,1770
4390,2307
4391,2310
4392,2286
4393,2559
4394,1761
4395,2643
4396,3231
4397,2790
4398,3582
4399,3396
4400,3153
4401,1809
4402,2910
4403,2049
4404,2124
4405,2565
4406,2364
4407,3381
4408,2094
4409,2058
4410,2328
4411,2820
4412,3660
4413,2310
4414,3087
4415,2016
4416,3126
4417,2037
4418,1791
4419,2136
4420,1737
4421,3432
4422,2574
4423,3312
4424,2592
4425,3111
4426,2262
4427,2052
4428,2253
4429,2067
4430,1764
4431,2268
4432,2307
4433,3402
4434,2307
4435,2379
4436,3048
4437,2016
4438,2127
4439,3051
4440,2556
4441,2601
4442,3120
4443,2256
4444,2076
4445,2550
4446,2634
4447,2565
4448,2343
4449,2301
4450,2070
4451,1803
4452,2319
4453,3153
4454,2811
4455,3138
4456,2598
4457,2574
4458,3069
4459,2301
4460,2835
4461,2382
4462,2799
4463,4152
4464,2538
4465,1527
4466,2085
4467,2046
4468,2586
4469,2520
4470,2358
4471,3351
4472,3081
4473,3573
4474,2304
4475,3036
4476,2025
4477,2538
4478,2847
4479,2574
4480,2118
4481,2331
4482,1857
4483,2667
4484,2016
4485,1800
4486,2787
4487,2325
4488,2253
4489,1794
4490,3105
4491,2094
4492,2226
4493,2598
4494,1728
4495,1764
4496,1773
4497,2103
4498,2340
4499,3303
4500,2601
4501,2556
4502,3171
4503,2574
4504,2868
4505,2292
4506,2337
4507,3345
4508,2829
4509,3078
4510,2349
4511,2865
4512,3156
4513,3648
4514,1779
4515,2520
4516,2823
4517,2052
4518,1497
4519,2067
4520,2559
4521,2283
4522,2829
4523,1827
4524,3072
4525,1821
4526,2775
4527,1806
4528,3870
4529,2274
4530,2319
4531,2841
4532,2514
4533,1995
4534,2856
4535,3345
4536,3117
4537,1968
4538,2115
4539,2562
4540,3084
4541,2568
4542,3405
4543,3135
4544,1506
4545,3168
4546,2130
4547,3189
4548,1770
4549,2583
4550,2268
4551,1812
4552,1797
4553,2334
4554,2352
4555,1815
4556,1938
4557,2592
4558,3342
4559,3093
4560,3393
4561,2796
4562,1785
4563,2001
4564,1857
4565,2262
4566,2334
4567,3039
4568,2283
4569,2286
4570,3591
4571,4050
4572,1776
4573,2277
4574,2400
4575,1995
4576,2811
4577,2280
4578,2088
4579,2661
4580,2289
4581,3114
4582,2001
4583,2775
4584,2835
4585,2649
4586,2829
4587,3018
4588,3579
4589,2763
4590,1731
4591,3399
4592,2751
4593,2334
4594,1992
4595,2775
4596,1788
4597,2250
4598,2325
4599,3057
4600,3075
4601,3306
4602,3069
4603,3588
4604,2766
4605,3036
4606,2046
4607,4263
4608,2643
4609,3114
4610,1815
4611,2871
4612,2511
4613,3087
4614,2592
4615,2844
4616,3105
4617,4425
4618,2829
4619,2880
4620,3393
4621,2055
4622,2772
4623,2529
4624,1761
4625,2322
4626,2259
4627,2016
4628,2049
4629,3354
4630,1779
4631,3051
4632,2361
4633,3561
4634,3639
4635,4644
4636,1848
4637,2274
4638,2853
4639,2031
4640,2043
4641,2022
4642,2427
4643,3354
4644,3102
4645,3114
4646,2325
4647,2646
4648,1422
4649,3405
4650,3135
4651,1776
4652,3846
4653,2046
4654,2052
4655,2349
4656,1761
4657,2544
4658,2019
4659,1992
4660,2475
4661,1977
4662,3810
4663,1431
4664,2067
4665,2583
4666,2370
4667,3576
4668,3726
4669,2784
4670,2556
4671,2814
4672,2283
4673,2547
4674,2535
4675,3600
4676,2271
4677,3993
4678,3117
4679,3369
4680,1779
4681,2343
4682,2277
4683,3429
4684,2229
4685,3327
4686,2052
4687,1761
4688,3666
4689,2832
4690,2337
4691,2037
4692,2040
4693,2547
4694,3030
4695,2301
4696,3072
4697,2271
4698,3423
4699,2787
4700,2103
4701,2832
4702,2850
4703,1755
4704,3354
4705,2055
4706,2853
4707,2310
4708,2805
4709,3345
4710,1782
4711,2130
4712,3024
4713,2811
4714,2571
4715,3291
4716,1719
4717,2325
4718,1983
4719,3390
4720,2514
4721,2802
4722,1818
4723,3015
4724,2055
4725,2568
4726,3318
4727,2298
4728,2580
4729,3090
4730,2601
4731,2334
4732,3063
4733,1971
4734,2811
4735,3894
4736,2589
4737,2793
4738,3648
4739,2826
4740,2274
4741,2310
4742,2274
4743,2097
4744,3243
4745,2592
4746,2883
4747,3312
4748,2289
4749,2850
4750,2241
4751,2037
4752,2544
4753,2283
4754,1818
4755,2301
4756,3318
4757,2499
4758,3144
4759,1743
4760,2826
4761,2022
4762,1791
4763,2319
4764,2064
4765,1473
4766,2334
4767,2547
4768,2133
4769,1740
4770,2319
4771,2541
4772,2283
4773,1854
4774,2559
4775,2526
4776,3072
4777,2160
4778,3072
4779,2292
4780,1731
4781,2301
4782,1692
4783,2793
4784,3645
4785,2874
4786,2505
4787,2301
4788,3063
4789,2742
4790,1830
4791,2772
4792,2835
4793,2775
4794,2541
4795,2307
4796,2571
4797,2019
4798,2259
4799,2727
4800,1467
4801,2568
4802,2823
4803,2853
4804,2574
4805,3066
4806,2775
4807,2307
4808,2586
4809,2556
4810,2517
4811,2580
4812,3126
4813,2136
4814,2289
4815,2001
4816,2208
4817,2616
4818,1767
4819,1749
4820,2886
4821,2310
4822,2790
4823,2256
4824,2799
4825,2250
4826,2301
4827,1980
4828,2865
4829,2259
4830,1836
4831,2046
4832,2529
4833,3063
4834,2313
4835,2010
4836,3060
4837,2346
4838,2529
4839,3036
4840,2868
4841,2106
4842,2805
4843,2823
4844,2529
4845,2370
4846,3066
4847,2832
4848,2502
4849,1503
4850,2382
4851,3519
4852,3315
4853,2553
4854,2025
4855,2586
4856,2316
4857,3027
4858,3147
4859,2538
4860,1800
4861,3039
4862,3708
4863,3369
4864,2766
4865,1470
4866,2334
4867,2778
4868,1761
4869,3639
4870,1785
4871,2061
4872,1806
4873,2598
4874,2505
4875,3360
4876,2004
4877,2853
4878,2571
4879,2538
4880,2067
4881,2052
4882,2604
4883,3069
4884,3582
4885,2268
4886,2382
4887,2313
4888,3186
4889,2781
4890,2292
4891,2577
4892,2856
4893,2622
4894,2310
4895,1737
4896,1821
4897,1764
4898,2097
4899,2526
4900,3033
4901,2808
4902,2055
4903,2865
4904,2310
4905,3033
4906,2004
4907,2295
4908,2274
4909,3636
4910,2577
4911,2316
4912,2262
4913,1791
4914,2580
4915,2835
4916,2100
4917,2538
4918,3645
4919,3672
4920,2136
4921,2028
4922,1491
4923,2580
4924,4047
4925,3012
4926,1770
4927,2844
4928,2793
4929,2511
4930,2601
4931,2283
4932,2268
4933,2622
4934,3357
4935,1470
4936,2307
4937,2856
4938,2514
4939,1803
4940,2541
4941,2298
4942,2286
4943,1839
4944,2547
4945,3333
4946,2868
4947,1473
4948,2598
4949,3333
4950,3072
4951,2754
4952,3507
4953,2310
4954,2874
4955,3381
4956,2298
4957,2064
4958,2538
4959,2796
4960,1722
4961,2796
4962,2022
4963,2808
4964,2550
4965,2130
4966,3846
4967,2760
4968,2310
4969,2337
4970,2262
4971,2574
4972,3822
4973,2280
4974,2016
4975,3114
4976,2277
4977,3372
4978,3111
4979,2274
4980,3093
4981,1776
4982,3630
4983,2541
4984,3081
4985,3870
4986,2583
4987,2256
4988,2613
4989,3063
4990,2568
4991,2985
4992,3144
4993,1794
4994,3069
4995,2781
4996,2586
4997,2289
4998,2043
4999,2529
5000,2259
5001,1818
5002,2136
5003,3666
5004,2778
5005,2310
5006,3282
5007,2064
5008,2859
5009,3165
5010,3417
5011,2307
5012,3084
5013,2304
5014,3066
5015,2262
5016,2280
5017,2295
5018,2529
5019,2295
5020,3000
5021,2778
5022,2529
5023,3351
5024,1470
5025,2022
5026,2541
5027,3075
5028,3114
5029,3897
5030,3069
5031,2517
5032,2829
5033,2844
5034,2589
5035,2334
5036,2562
5037,2874
5038,2007
5039,2337
5040,2817
5041,2019
5042,2073
5043,2337
5044,4161
5045,2013
5046,3099
5047,1710
5048,2019
5049,1782
5050,2325
5051,2286
5052,2286
5053,2253
5054,3069
5055,2286
5056,2367
5057,2556
5058,3063
5059,2265
5060,2358
5061,2646
5062,1767
5063,3129
5064,2256
5065,2844
5066,2556
5067,2082
5068,2043
5069,2352
5070,1800
5071,3684
5072,2523
5073,2823
5074,2562
5075,2763
5076,2583
5077,2298
5078,2547
5079,2757
5080,2013
5081,1992
5082,3405
5083,2730
5084,2028
5085,2043
5086,2310
5087,3321
5088,2568
5089,2571
5090,3852
5091,3294
5092,2571
5093,3390
5094,3120
5095,2271
5096,2547
5097,2052
5098,3132
5099,3630
5100,3804
5101,2034
5102,2556
5103,2334
5104,2556
5105,2625
5106,2835
5107,3135
5108,3621
5109,1989
5110,2151
5111,2220
5112,3099
5113,2316
5114,2055
5115,2253
5116,2439
5117,1995
5118,2817
5119,2559
5120,2868
5121,3525
5122,2277
5123,2328
5124,3018
5125,2781
5126,3222
5127,2607
5128,2274
5129,3096
5130,2292
5131,2580
5132,2778
5133,2079
5134,2034
5135,1755
5136,2352
5137,2283
5138,3453
5139,3396
5140,2328
5141,2304
5142,2874
5143,3585
5144,2037
5145,1965
5146,3081
5147,2607
5148,3339
5149,2874
5150,2064
5151,4005
5152,2076
5153,2037
5154,2652
5155,2628
5156,2760
5157,2286
5158,2304
5159,2337
5160,2877
5161,1476
5162,3120
5163,2856
5164,2571
5165,2316
5166,2259
5167,2043
5168,2556
5169,1554
5170,2397
5171,2289
5172,2115
5173,2604
5174,3129
5175,1749
5176,2379
5177,1455
5178,2349
5179,2046
5180,3261
5181,1755
5182,2349
5183,3564
5184,2592
5185,2337
5186,2133
5187,2295
5188,2580
5189,3060
5190,4350
5191,3726
5192,2577
5193,3144
5194,2523
5195,2868
5196,1992
5197,2076
5198,2247
5199,2343
5200,2820
5201,2379
5202,2325
5203,3093
5204,1806
5205,2046
5206,2355
5207,2592
5208,2595
5209,1986
5210,2070
5211,3318
5212,2526
5213,2796
5214,2310
5215,2220
5216,2847
5217,2025
5218,2286
5219,2409
5220,2853
5221,2814
5222,1761
5223,2577
5224,2367
5225,3081
5226,2790
5227,2562
5228,1971
5229,3117
5230,3123
5231,3078
5232,2559
5233,2037
5234,3339
5235,2991
5236,3165
5237,1485
5238,2421
5239,3027
5240,1815
5241,2340
5242,2289
5243,2010
5244,1860
5245,2547
5246,2829
5247,2256
5248,3336
5249,2835
5250,2040
5251,3285
5252,2307
5253,2496
5254,2850
5255,2139
5256,3093
5257,2055
5258,2031
5259,2091
5260,1755
5261,2601
5262,2802
5263,2052
5264,2568
5265,1530
5266,2646
5267,2289
5268,3705
5269,2028
5270,2823
5271,2781
5272,2277
5273,2346
5274,2535
5275,2043
5276,1890
5277,2559
5278,2568
5279,1782
5280,2298
5281,2757
5282,2334
5283,2559
5284,2244
5285,2544
5286,2550
5287,2322
5288,2256
5289,2895
5290,3345
5291,2559
5292,1986
5293,2043
5294,1989
5295,2616
5296,1989
5297,2358
5298,2319
5299,3075
5300,3888
5301,2505
5302,2025
5303,2292
5304,3636
5305,2010
5306,2592
5307,2859
5308,3327
5309,3006
5310,2871
5311,2016
5312,2994
5313,1992
5314,2061
5315,2064
5316,2283
5317,2274
5318,1761
5319,2292
5320,2292
5321,2352
5322,3573
5323,1806
5324,3075
5325,2841
5326,3270
5327,2286
5328,3315
5329,2544
5330,2292
5331,3606
5332,2337
5333,2574
5334,3060
5335,2793
5336,2343
5337,2250
5338,3102
5339,2271
5340,2298
5341,2544
5342,2667
5343,2295
5344,3129
5345,2025
5346,2316
5347,2583
5348,2562
5349,2757
5350,1755
5351,1845
5352,2286
5353,3387
5354,2265
5355,3459
5356,3237
5357,3084
5358,2559
5359,1785
5360,3012
5361,2538
5362,2517
5363,3315
5364,2916
5365,3282
5366,1452
5367,3261
5368,2817
5369,3390
5370,3636
5371,1464
5372,1755
5373,2349
5374,1794
5375,2844
5376,2328
5377,3087
5378,2316
5379,2598
5380,3378
5381,1812
5382,3030
5383,2586
5384,2064
5385,2346
5386,4137
5387,2637
5388,2754
5389,1524
5390,1752
5391,2058
5392,2061
5393,1761
5394,3177
5395,2559
5396,2298
5397,2853
5398,2340
5399,3336
5400,2619
5401,2577
5402,3132
5403,2826
5404,1803
5405,2754
5406,2553
5407,1485
5408,3111
5409,2025
5410,1989
5411,2793
5412,2274
5413,2823
5414,1764
5415,1995
5416,1767
5417,1845
5418,2550
5419,2577
5420,2583
5421,2067
5422,2481
5423,2346
5424,1782
5425,2370
5426,2802
5427,2802
5428,3321
5429,2496
5430,1482
5431,2793
5432,2847
5433,4371
5434,2019
5435,1995
5436,3081
5437,2292
5438,3624
5439,2757
5440,2514
5441,2850
5442,2847
5443,2670
5444,3333
5445,2847
5446,2991
5447,2352
5448,2532
5449,1830
5450,2265
5451,2790
5452,2499
5453,2562
5454,2787
5455,2280
5456,2013
5457,3051
5458,2547
5459,2088
5460,2556
5461,3510
5462,3111
5463,3111
5464,2838
5465,2007
5466,2628
5467,3303
5468,2403
5469,3381
5470,1761
5471,2355
5472,2856
5473,1758
5474,3147
5475,2052
5476,2577
5477,3078
5478,2469
5479,3378
5480,2313
5481,2352
5482,3519
5483,2289
5484,2259
5485,3078
5486,3051
5487,3129
5488,2829
5489,2568
5490,3504
5491,2775
5492,2049
5493,2001
5494,2100
5495,2010
5496,3339
5497,2751
5498,3666
5499,2007
5500,3330
5501,2316
5502,1812
5503,2019
5504,2565
5505,3312
5506,3912
5507,2334
5508,3045
5509,2820
5510,2997
5511,2322
5512,1992
5513,2328
5514,1953
5515,1776
5516,2556
5517,2379
5518,2499
5519,1812
5520,3570
5521,2007
5522,3093
5523,3387
5524,2394
5525,2316
5526,2580
5527,2049
5528,3132
5529,2262
5530,2610
5531,2286
5532,2862
5533,3084
5534,2541
5535,2268
5536,2841
5537,2241
5538,2814
5539,3882
5540,2550
5541,3096
5542,3108
5543,2835
5544,2853
5545,3825
5546,2010
5547,2784
5548,2562
5549,2283
5550,2307
5551,1836
5552,2388
5553,2832
5554,2037
5555,2601
5556,2298
5557,2562
5558,2811
5559,1944
5560,3393
5561,2616
5562,2049
5563,2505
5564,2013
5565,1752
5566,2316
5567,2997
5568,3636
5569,3339
5570,2031
5571,2565
5572,2853
5573,2820
5574,1782
5575,2304
5576,2022
5577,2376
5578,2250
5579,2556
5580,3027
5581,2316
5582,3006
5583,2859
5584,3267
5585,2283
5586,2286
5587,2532
5588,2592
5589,2814
5590,2862
5591,1686
5592,2676
5593,2319
5594,2889
5595,3075
5596,3594
5597,2757
5598,2049
5599,1737
5600,2607
5601,2280
5602,2325
5603,2076
5604,2340
5605,3075
5606,1980
5607,2619
5608,2298
5609,2304
5610,1443
5611,2046
5612,1719
5613,2556
5614,2271
5615,3057
5616,2991
5617,2901
5618,2814
5619,2811
5620,2487
5621,2541
5622,2640
5623,3291
5624,2133
5625,3039
5626,3048
5627,4824
5628,3096
5629,2796
5630,2559
5631,3342
5632,3984
5633,2046
5634,2871
5635,3111
5636,3036
5637,2298
5638,2784
5639,1830
5640,1452
5641,2838
5642,2481
5643,2310
5644,2805
5645,2313
5646,3546
5647,2640
5648,2535
5649,2856
5650,2106
5651,2808
5652,2355
5653,2733
5654,2544
5655,2577
5656,2832
5657,3384
5658,3138
5659,2097
5660,2082
5661,2286
5662,3387
5663,2544
5664,2631
5665,2034
5666,3189
5667,3180
5668,2841
5669,3072
5670,3831
5671,2334
5672,2574
5673,3405
5674,2283
5675,2817
5676,3066
5677,2364
5678,2031
5679,3396
5680,1500
5681,2097
5682,2070
5683,2790
5684,1458
5685,3387
5686,2538
5687,2052
5688,3348
5689,2280
5690,1458
5691,2820
5692,2679
5693,2550
5694,2349
5695,2553
5696,2667
5697,3132
5698,1821
5699,2445
5700,2664
5701,4734
5702,3117
5703,2355
5704,1992
5705,2418
5706,2787
5707,2127
5708,2253
5709,2493
5710,1971
5711,3093
5712,2871
5713,2103
5714,2598
5715,3882
5716,1491
5717,2844
5718,1803
5719,3669
5720,2574
5721,2856
5722,2574
5723,1794
5724,2307
5725,3099
5726,2874
5727,2280
5728,2088
5729,3585
5730,2568
5731,3099
5732,2280
5733,3459
5734,2292
5735,1824
5736,2574
5737,2028
5738,1974
5739,2595
5740,1767
5741,3045
5742,2574
5743,2844
5744,1764
5745,2109
5746,2058
5747,2298
5748,4194
5749,2340
5750,2304
5751,1995
5752,2100
5753,2529
5754,2562
5755,2031
5756,3108
5757,2751
5758,1554
5759,2316
5760,2391
5761,3909
5762,2625
5763,2289
5764,2322
5765,2556
5766,2829
5767,2673
5768,2631
5769,3393
5770,4011
5771,2586
5772,3543
5773,2343
5774,2550
5775,1437
5776,3084
5777,3417
5778,2676
5779,2037
5780,2043
5781,2055
5782,2121
5783,3561
5784,1857
5785,2274
5786,3387
5787,2484
5788,2343
5789,3111
5790,2571
5791,2544
5792,2796
5793,1740
5794,2883
5795,2100
5796,2067
5797,1851
5798,2598
5799,2856
5800,1803
5801,1566
5802,2355
5803,2622
5804,3324
5805,2319
5806,2544
5807,2526
5808,2568
5809,2820
5810,2349
5811,2313
5812,2844
5813,2250
5814,2298
5815,2058
5816,2523
5817,3351
5818,2043
5819,2808
5820,2370
5821,2058
5822,2331
5823,2019
5824,2322
5825,2562
5826,2904
5827,2619
5828,2325
5829,3363
5830,2325
5831,3036
5832,2592
5833,1857
5834,2574
5835,2268
5836,2058
5837,2616
5838,1458
5839,2820
5840,3120
5841,2079
5842,2109
5843,2562
5844,3264
5845,2040
5846,2313
5847,1755
5848,2616
5849,3033
5850,3630
5851,2592
5852,2856
5853,2562
5854,2280
5855,2034
5856,1821
5857,3390
5858,2034
5859,2319
5860,2535
5861,2379
5862,2061
5863,2055
5864,3357
5865,2088
5866,2061
5867,2628
5868,2814
5869,2853
5870,1965
5871,2760
5872,2835
5873,1776
5874,2640
5875,2289
5876,2547
5877,2016
5878,2847
5879,1776
5880,1968
5881,4302
5882,4617
5883,2538
5884,2097
5885,1980
5886,3159
5887,3405
5888,2352
5889,2841
5890,2868
5891,3465
5892,2826
5893,2046
5894,2013
5895,2544
5896,2316
5897,2586
5898,2088
5899,2814
5900,2289
5901,2073
5902,2874
5903,1752
5904,1773
5905,2520
5906,1803
5907,2100
5908,2616
5909,2811
5910,2580
5911,2295
5912,2523
5913,2559
5914,3936
5915,1995
5916,2028
5917,2337
5918,1761
5919,2040
5920,3360
5921,3024
5922,2532
5923,2898
5924,2283
5925,2298
5926,3318
5927,3684
5928,2037
5929,2088
5930,2004
5931,2622
5932,2781
5933,2331
5934,1452
5935,2088
5936,1809
5937,3138
5938,2373
5939,2022
5940,3297
5941,2553
5942,3849
5943,3045
5944,3336
5945,2580
5946,3366
5947,2295
5948,2043
5949,2799
5950,1479
5951,3345
5952,3096
5953,4401
5954,2379
5955,3075
5956,3387
5957,2604
5958,2331
5959,2148
5960,2511
5961,3624
5962,2052
5963,2628
5964,1476
5965,2880
5966,1989
5967,3609
5968,2037
5969,2124
5970,2103
5971,3600
5972,2061
5973,2988
5974,2571
5975,3540
5976,3357
5977,3321
5978,2292
5979,2580
5980,3105
5981,2226
5982,3033
5983,2274
5984,3120
5985,2622
5986,2334
5987,2550
5988,2046
5989,3612
5990,1995
5991,2850
5992,2859
5993,1824
5994,3681
5995,2397
5996,3900
5997,2313
5998,1974
5999,3147
6000,3348
6001,3684
6002,2892
6003,1410
6004,2658
6005,2295
6006,2802
6007,2535
6008,3078
6009,2580
6010,2646
6011,3573
6012,2250
6013,1776
6014,2094
6015,2049
6016,2604
6017,1464
6018,3927
6019,3084
6020,2790
6021,3069
6022,3330
6023,3342
6024,2046
6025,2100
6026,2532
6027,3699
6028,3108
6029,3096
6030,2520
6031,2043
6032,2547
6033,2901
6034,2076
6035,1743
6036,2538
6037,1749
6038,2316
6039,2829
6040,2304
6041,2505
6042,2646
6043,3126
6044,2295
6045,2556
6046,2613
6047,2076
6048,2589
6049,2868
6050,2889
6051,2400
6052,3324
6053,2091
6054,2823
6055,2592
6056,3606
6057,1470
6058,2070
6059,2058
6060,2040
6061,2346
6062,3120
6063,2319
6064,3105
6065,2961
6066,2367
6067,3039
6068,2013
6069,3867
6070,2283
6071,1752
6072,2064
6073,3303
6074,2328
6075,2544
6076,2568
6077,3273
6078,2874
6079,2352
6080,1845
6081,2070
6082,2559
6083,2547
6084,2247
6085,2304
6086,2295
6087,3132
6088,2043
6089,2631
6090,2091
6091,3111
6092,3132
6093,1845
6094,2031
6095,4392
6096,2337
6097,3381
6098,1800
6099,2565
6100,1791
6101,3087
6102,2859
6103,4326
6104,2613
6105,2244
6106,3306
6107,2028
6108,2883
6109,2016
6110,2328
6111,4380
6112,2364
6113,2307
6114,2058
6115,2379
6116,2019
6117,2028
6118,2595
6119,1518
6120,2049
6121,2334
6122,1992
6123,2535
6124,2733
6125,2898
6126,2016
6127,2607
6128,3435
6129,1980
6130,2283
6131,2787
6132,2085
6133,3057
6134,2799
6135,3432
6136,3384
6137,2043
6138,2280
6139,3279
6140,2259
6141,2778
6142,2769
6143,1737
6144,2592
6145,2793
6146,2805
6147,3114
6148,1449
6149,2622
6150,3042
6151,2031
6152,3126
6153,1782
6154,2034
6155,2001
6156,2040
6157,1833
6158,2853
6159,2511
6160,2058
6161,2847
6162,2289
6163,3066
6164,2493
6165,2811
6166,2292
6167,2286
6168,2016
6169,2040
6170,2028
6171,2061
6172,3096
6173,1737
6174,2886
6175,2367
6176,2853
6177,2538
6178,2853
6179,2814
6180,2823
6181,2835
6182,1770
6183,3381
6184,2322
6185,3093
6186,1449
6187,3150
6188,2274
6189,3405
6190,3327
6191,2862
6192,2301
6193,3108
6194,2964
6195,1488
6196,2139
6197,2877
6198,2037
6199,2283
6200,2850
6201,3591
6202,2562
6203,3060
6204,2376
6205,2520
6206,3660
6207,2811
6208,2934
6209,2127
6210,3885
6211,1530
6212,2040
6213,2361
6214,2586
6215,3117
6216,2286
6217,3162
6218,3123
6219,2337
6220,2295
6221,2862
6222,1980
6223,2382
6224,3396
6225,2589
6226,3171
6227,2274
6228,1767
6229,2013
6230,1809
6231,3645
6232,2325
6233,2283
6234,2508
6235,2841
6236,2766
6237,3093
6238,2814
6239,1767
6240,3147
6241,2607
6242,1830
6243,2592
6244,2784
6245,2310
6246,2298
6247,3105
6248,2793
6249,2610
6250,2565
6251,3870
6252,2313
6253,2595
6254,1431
6255,3369
6256,2313
6257,2880
6258,3294
6259,3087
6260,2835
6261,2313
6262,2856
6263,2553
6264,2634
6265,3024
6266,2334
6267,2550
6268,2007
6269,2841
6270,3036
6271,2814
6272,2310
6273,2022
6274,2100
6275,2544
6276,2007
6277,2193
6278,2319
6279,2103
6280,2499
6281,2049
6282,3051
6283,1758
6284,2991
6285,2283
6286,3054
6287,3348
6288,2262
6289,2061
6290,1803
6291,3051
6292,3132
6293,2046
6294,2667
6295,3324
6296,2061
6297,3315
6298,2037
6299,2076
6300,1476
6301,2340
6302,2286
6303,2055
6304,2358
6305,3390
6306,1494
6307,2286
6308,2562
6309,2556
6310,2061
6311,3486
6312,3081
6313,3069
6314,2247
6315,1995
6316,1434
6317,2610
6318,2286
6319,2565
6320,1986
6321,2934
6322,3051
6323,2391
6324,2067
6325,2559
6326,2373
6327,3669
6328,2328
6329,2328
6330,2820
6331,4014
6332,2325
6333,2853
6334,1833
6335,3030
6336,2058
6337,2319
6338,2928
6339,2316
6340,2337
6341,2340
6342,2520
6343,2556
6344,2817
6345,2124
6346,3621
6347,2850
6348,2778
6349,3648
6350,2595
6351,3087
6352,2025
6353,3903
6354,2775
6355,2277
6356,2280
6357,2259
6358,2901
6359,2535
6360,2631
6361,2028
6362,2622
6363,2280
6364,2292
6365,2247
6366,1779
6367,3024
6368,1800
6369,2850
6370,1809
6371,3096
6372,2874
6373,2250
6374,1722
6375,2364
6376,1497
6377,2649
6378,3561
6379,2331
6380,3573
6381,2586
6382,3351
6383,2085
6384,2064
6385,2538
6386,3069
6387,2601
6388,2337
6389,3894
6390,4212
6391,2010
6392,2595
6393,2526
6394,2553
6395,3087
6396,3699
6397,3060
6398,2361
6399,2565
6400,2826
6401,1749
6402,3081
6403,2076
6404,4026
6405,2091
6406,2733
6407,2061
6408,2535
6409,2334
6410,2541
6411,3078
6412,3072
6413,2082
6414,3243
6415,1731
6416,2601
6417,3390
6418,2073
6419,3015
6420,2559
6421,2328
6422,2298
6423,3339
6424,2595
6425,1797
6426,3117
6427,2805
6428,3057
6429,2223
6430,2343
6431,2562
6432,2565
6433,3600
6434,3342
6435,2586
6436,2040
6437,2061
6438,2559
6439,2847
6440,2781
6441,2334
6442,2505
6443,2055
6444,2763
6445,3942
6446,2286
6447,2058
6448,2604
6449,2001
6450,2310
6451,1767
6452,1806
6453,1833
6454,1788
6455,2262
6456,2820
6457,1797
6458,2097
6459,2037
6460,2793
6461,2505
6462,2544
6463,1971
6464,2319
6465,2262
6466,2805
6467,2046
6468,2535
6469,3408
6470,2787
6471,2133
6472,2817
6473,2850
6474,2295
6475,2622
6476,2808
6477,2844
6478,1731
6479,2049
6480,2610
6481,2910
6482,2010
6483,2022
6484,3114
6485,2529
6486,2625
6487,3336
6488,2835
6489,1431
6490,2877
6491,2025
6492,2280
6493,2496
6494,2304
6495,1986
6496,2304
6497,3087
6498,3156
6499,2985
6500,3072
6501,1785
6502,2316
6503,2124
6504,2580
6505,3345
6506,3036
6507,3111
6508,2061
6509,2583
6510,2286
6511,3321
6512,3060
6513,2352
6514,2019
6515,2799
6516,3654
6517,3051
6518,2295
6519,3399
6520,2292
6521,2313
6522,2553
6523,2556
6524,3372
6525,3594
6526,3162
6527,2802
6528,3585
6529,2277
6530,1833
6531,3135
6532,3084
6533,2883
6534,2559
6535,1773
6536,4137
6537,2307
6538,2643
6539,2055
6540,2805
6541,2637
6542,2823
6543,1776
6544,1794
6545,2055
6546,2343
6547,2568
6548,2808
6549,2040
6550,2586
6551,3345
6552,2424
6553,2313
6554,3588
6555,2556
6556,2667
6557,2796
6558,1758
6559,3609
6560,3336
6561,1449
6562,2355
6563,3135
6564,2235
6565,2787
6566,2259
6567,2580
6568,2325
6569,2874
6570,3036
6571,3363
6572,3042
6573,2079
6574,3126
6575,2043
6576,2031
6577,2283
6578,3396
6579,2814
6580,2880
6581,3042
6582,2262
6583,1752
6584,2310
6585,2814
6586,2031
6587,2571
6588,3396
6589,2085
6590,1800
6591,2022
6592,1758
6593,3021
6594,2313
6595,2256
6596,2580
6597,2232
6598,2271
6599,2559
6600,2256
6601,2064
6602,1443
6603,2352
6604,2754
6605,3126
6606,2580
6607,2052
6608,2778
6609,3867
6610,2580
6611,1500
6612,2589
6613,2574
6614,2274
6615,2787
6616,2268
6617,1797
6618,3138
6619,3825
6620,3294
6621,2289
6622,2346
6623,3075
6624,2064
6625,2760
6626,2133
6627,2316
6628,2262
6629,3330
6630,1713
6631,3015
6632,1443
6633,2325
6634,2295
6635,1488
6636,3462
6637,2286
6638,2004
6639,3867
6640,3306
6641,2544
6642,2790
6643,2265
6644,3072
6645,2520
6646,2202
6647,2775
6648,2349
6649,2040
6650,1761
6651,2313
6652,2838
6653,2532
6654,3393
6655,2523
6656,2889
6657,1761
6658,3012
6659,2592
6660,2550
6661,2307
6662,2799
6663,2547
6664,2988
6665,2841
6666,2250
6667,2571
6668,2259
6669,2031
6670,1743
6671,2556
6672,2322
6673,2379
6674,2304
6675,2544
6676,2826
6677,2271
6678,3066
6679,2298
6680,3336
6681,2295
6682,3342
6683,2025
6684,2337
6685,2583
6686,3363
6687,3360
6688,2322
6689,2589
6690,2364
6691,3051
6692,3357
6693,2583
6694,2541
6695,1788
6696,2013
6697,1857
6698,2505
6699,2289
6700,2505
6701,1761
6702,3567
6703,2031
6704,2052
6705,3069
6706,2484
6707,2043
6708,2055
6709,2799
6710,3072
6711,2517
6712,2550
6713,2313
6714,3387
6715,3036
6716,2562
6717,2580
6718,2637
6719,2292
6720,2340
6721,3345
6722,2895
6723,2898
6724,2040
6725,2277
6726,2808
6727,3585
6728,3654
6729,2274
6730,3402
6731,2109
6732,4326
6733,3069
6734,2778
6735,2097
6736,2400
6737,1782
6738,3054
6739,2847
6740,1815
6741,2766
6742,3378
6743,2559
6744,2574
6745,2595
6746,2013
6747,2802
6748,1743
6749,2820
6750,2559
6751,2238
6752,3102
6753,2556
6754,2094
6755,1761
6756,2319
6757,3108
6758,2766
6759,2334
6760,2553
6761,2895
6762,2538
6763,2916
6764,2508
6765,2046
6766,1734
6767,2853
6768,2019
6769,3348
6770,1986
6771,2292
6772,3126
6773,2511
6774,2865
6775,2778
6776,4089
6777,1977
6778,4071
6779,2523
6780,2799
6781,2760
6782,2595
6783,2307
6784,2808
6785,2535
6786,2319
6787,2772
6788,2568
6789,2016
6790,2823
6791,2805
6792,1752
6793,2271
6794,3588
6795,2085
6796,2574
6797,2607
6798,3054
6799,3780
6800,3372
6801,2397
6802,2829
6803,3333
6804,1791
6805,2589
6806,2328
6807,2346
6808,2640
6809,2004
6810,3117
6811,2520
6812,2010
6813,1998
6814,1827
6815,2562
6816,3720
6817,2820
6818,2574
6819,2406
6820,1800
6821,1563
6822,3357
6823,2280
6824,2295
6825,3093
6826,1968
6827,2835
6828,2301
6829,2526
6830,2781
6831,3351
6832,1845
6833,2073
6834,2853
6835,2841
6836,2016
6837,2079
6838,2808
6839,3807
6840,2073
6841,2031
6842,3027
6843,2538
6844,2838
6845,2250
6846,2055
6847,2802
6848,1827
6849,3033
6850,2358
6851,1836
6852,2034
6853,2832
6854,3339
6855,2328
6856,2259
6857,1788
6858,3066
6859,1794
6860,3330
6861,1767
6862,1956
6863,2268
6864,3069
6865,2784
6866,2898
6867,3627
6868,3111
6869,2067
6870,2802
6871,3066
6872,2355
6873,2508
6874,2577
6875,2235
6876,2331
6877,2547
6878,2877
6879,2811
6880,3216
6881,3105
6882,3177
6883,3444
6884,2541
6885,3324
6886,2307
6887,2862
6888,3837
6889,2100
6890,3075
6891,2619
6892,2286
6893,2256
6894,2256
6895,3036
6896,1749
6897,2271
6898,2034
6899,6168
6900,2913
6901,1791
6902,1992
6903,2598
6904,2571
6905,2832
6906,3561
6907,2046
6908,2052
6909,2253
6910,2325
6911,1806
6912,1812
6913,2850
6914,2058
6915,2328
6916,1437
6917,3162
6918,3090
6919,2070
6920,3783
6921,2850
6922,3267
6923,2337
6924,1971
6925,1551
6926,2301
6927,1761
6928,1764
6929,2787
6930,1746
6931,2514
6932,2808
6933,2301
6934,2865
6935,3054
6936,2103
6937,2013
6938,2061
6939,2586
6940,2091
6941,2241
6942,3147
6943,3600
6944,3108
6945,2811
6946,3030
6947,2598
6948,3138
6949,2799
6950,2778
6951,2034
6952,2028
6953,3042
6954,2289
6955,2034
6956,2787
6957,3102
6958,2574
6959,2841
6960,2301
6961,2250
6962,3627
6963,2517
6964,2634
6965,2217
6966,2337
6967,3030
6968,2076
6969,4149
6970,2328
6971,3057
6972,2034
6973,2007
6974,2850
6975,2751
6976,1791
6977,2577
6978,2070
6979,2337
6980,3621
6981,1995
6982,2796
6983,1773
6984,3648
6985,4158
6986,2055
6987,2289
6988,1728
6989,2592
6990,2592
6991,2304
6992,2253
6993,3078
6994,2340
6995,2247
6996,3345
6997,3384
6998,2337
6999,4869
7000,2094
7001,2574
7002,2856
7003,2280
7004,2616
7005,2490
7006,2298
7007,2262
7008,2592
7009,2541
7010,2283
7011,3597
7012,2586
7013,2355
7014,1443
7015,2637
7016,2055
7017,1866
7018,2076
7019,3096
7020,1935
7021,2811
7022,2040
7023,1731
7024,2307
7025,2574
7026,2901
7027,2505
7028,2115
7029,1782
7030,2310
7031,2562
7032,2088
7033,2034
7034,3084
7035,2286
7036,2787
7037,3030
7038,2313
7039,2049
7040,2289
7041,3033
7042,3354
7043,2604
7044,2325
7045,3030
7046,2292
7047,2328
7048,3042
7049,2355
7050,2760
7051,2055
7052,2268
7053,1806
7054,2220
7055,3090
7056,1761
7057,3318
7058,2835
7059,2820
7060,2625
7061,3027
7062,2889
7063,2310
7064,1416
7065,2541
7066,3126
7067,2529
7068,1458
7069,2316
7070,3102
7071,2745
7072,2373
7073,2298
7074,2283
7075,2784
7076,2469
7077,2331
7078,2049
7079,2109
7080,3036
7081,2829
7082,4116
7083,2097
7084,2058
7085,2283
7086,2520
7087,2043
7088,2019
7089,2319
7090,2328
7091,2544
7092,2295
7093,1725
7094,1491
7095,2043
7096,2013
7097,3069
7098,2262
7099,1776
7100,3918
7101,2250
7102,2643
7103,2778
7104,2574
7105,2517
7106,2676
7107,3354
7108,2259
7109,2565
7110,2178
7111,3072
7112,2592
7113,2601
7114,1776
7115,3441
7116,2883
7117,2400
7118,2523
7119,2235
7120,2292
7121,1797
7122,2571
7123,2019
7124,3585
7125,2304
7126,2268
7127,2241
7128,3066
7129,2505
7130,3090
7131,2568
7132,2994
7133,2490
7134,1854
7135,3012
7136,2292
7137,2523
7138,2310
7139,1842
7140,3057
7141,2022
7142,2823
7143,2808
7144,3612
7145,2559
7146,3117
7147,2367
7148,2826
7149,2610
7150,2550
7151,2292
7152,2325
7153,4149
7154,2082
7155,2535
7156,2505
7157,3765
7158,2520
7159,3081
7160,2295
7161,3066
7162,2871
7163,3108
7164,2499
7165,2838
7166,2073
7167,2739
7168,2829
7169,3306
7170,1821
7171,2031
7172,3069
7173,3369
7174,2559
7175,2058
7176,2571
7177,3135
7178,3294
7179,2811
7180,3078
7181,2901
7182,2526
7183,2064
7184,2328
7185,2823
7186,2850
7187,1779
7188,2496
7189,4305
7190,2829
7191,1971
7192,2508
7193,2481
7194,2562
7195,2319
7196,3618
7197,3048
7198,2829
7199,2556
7200,2625
7201,1428
7202,2070
7203,2592
7204,3006
7205,2526
7206,2373
7207,1812
7208,3090
7209,2367
7210,2805
7211,3138
7212,2805
7213,1494
7214,2541
7215,2658
7216,2580
7217,2097
7218,2517
7219,2259
7220,3078
7221,2001
7222,3837
7223,1692
7224,2307
7225,2730
7226,1794
7227,2001
7228,2019
7229,2010
7230,2604
7231,2517
7232,2301
7233,2760
7234,2826
7235,3087
7236,2856
7237,2082
7238,3282
7239,2523
7240,3663
7241,2337
7242,3369
7243,2052
7244,2316
7245,1836
7246,2787
7247,3057
7248,3060
7249,2637
7250,2571
7251,2592
7252,2034
7253,2826
7254,4134
7255,3063
7256,2103
7257,1953
7258,3090
7259,2604
7260,1905
7261,2286
7262,2817
7263,2475
7264,2118
7265,2856
7266,2538
7267,2304
7268,3072
7269,3258
7270,2541
7271,2091
7272,2544
7273,2394
7274,2316
7275,1833
7276,3375
7277,3342
7278,2541
7279,2319
7280,3117
7281,2643
7282,2349
7283,2472
7284,2628
7285,2256
7286,2571
7287,3303
7288,2829
7289,2802
7290,2010
7291,1731
7292,1737
7293,3363
7294,2235
7295,2787
7296,3384
7297,2289
7298,3384
7299,2862
7300,2508
7301,2796
7302,1776
7303,3099
7304,3885
7305,3699
7306,2526
7307,2847
7308,1974
7309,2541
7310,2016
7311,1743
7312,2313
7313,1467
7314,2178
7315,2256
7316,3096
7317,3063
7318,2559
7319,3252
7320,1800
7321,1788
7322,1959
7323,2250
7324,3156
7325,2496
7326,1452
7327,2016
7328,2574
7329,2292
7330,2016
7331,2361
7332,2814
7333,2253
7334,1758
7335,3615
7336,2532
7337,1830
7338,1752
7339,2355
7340,2268
7341,2352
7342,2577
7343,1764
7344,1752
7345,2334
7346,2595
7347,2316
7348,2055
7349,2535
7350,2835
7351,3369
7352,3339
7353,2286
7354,2580
7355,2793
7356,2571
7357,2517
7358,3618
7359,2550
7360,3126
7361,3099
7362,2289
7363,2772
7364,1743
7365,2364
7366,2859
7367,2814
7368,2241
7369,2346
7370,2283
7371,2850
7372,2757
7373,2553
7374,1746
7375,3366
7376,2061
7377,3699
7378,2562
7379,3276
7380,2313
7381,3792
7382,3420
7383,2580
7384,2877
7385,2001
7386,2088
7387,1722
7388,2565
7389,3645
7390,2829
7391,2568
7392,1800
7393,2751
7394,3081
7395,2559
7396,2022
7397,2067
7398,3405
7399,3597
7400,2586
7401,2058
7402,2550
7403,1791
7404,2796
7405,2670
7406,2991
7407,3336
7408,3630
7409,2127
7410,13113
7411,3615
7412,3438
7413,3099
7414,2214
7415,3018
7416,2844
7417,3864
7418,2349
7419,2625
7420,2283
7421,2574
7422,2886
7423,2271
7424,2862
7425,3048
7426,2067
7427,2379
7428,2301
7429,2889
7430,2028
7431,2928
7432,2034
7433,2589
7434,2289
7435,2592
7436,2553
7437,2343
7438,2064
7439,3174
7440,2352
7441,2919
7442,2646
7443,3132
7444,2874
7445,2268
7446,3033
7447,2802
7448,2367
7449,2526
7450,2316
7451,2559
7452,2067
7453,2298
7454,2520
7455,2853
7456,2604
7457,2859
7458,2043
7459,2640
7460,2814
7461,2067
7462,2883
7463,2922
7464,2796
7465,2856
7466,2019
7467,3402
7468,2043
7469,1755
7470,2088
7471,2613
7472,2619
7473,2580
7474,2895
7475,2298
7476,3111
7477,1710
7478,3591
7479,2532
7480,1503
7481,2064
7482,3060
7483,1947
7484,3105
7485,2799
7486,2799
7487,1440
7488,2058
7489,2310
7490,3354
7491,2031
7492,2280
7493,2565
7494,2520
7495,2808
7496,2604
7497,2913
7498,2529
7499,3123
7500,2574
7501,2865
7502,2262
7503,2823
7504,3846
7505,3651
7506,3678
7507,2583
7508,2802
7509,2007
7510,2832
7511,2241
7512,2046
7513,3072
7514,1812
7515,1386
7516,2337
7517,2238
7518,1773
7519,1791
7520,3054
7521,2496
7522,2295
7523,3105
7524,2544
7525,3087
7526,3342
7527,2820
7528,3090
7529,2070
7530,2043
7531,2811
7532,1959
7533,2499
7534,2067
7535,3330
7536,2526
7537,3354
7538,2526
7539,2259
7540,2328
7541,2466
7542,2040
7543,1761
7544,2898
7545,2262
7546,2247
7547,2523
7548,1767
7549,1422
7550,2070
7551,2490
7552,2820
7553,1449
7554,2328
7555,2289
7556,2559
7557,2316
7558,2541
7559,3285
7560,2286
7561,3426
7562,2535
7563,3066
7564,2517
7565,2550
7566,3348
7567,2295
7568,3111
7569,2250
7570,2358
7571,3645
7572,1473
7573,3366
7574,3141
7575,1965
7576,2316
7577,2583
7578,2313
7579,1743
7580,2292
7581,2571
7582,2334
7583,2013
7584,2859
7585,2256
7586,1485
7587,3966
7588,2994
7589,1737
7590,2850
7591,2826
7592,2607
7593,2802
7594,2301
7595,1773
7596,2538
7597,2613
7598,1701
7599,2304
7600,2781
7601,2328
7602,2676
7603,3816
7604,2577
7605,2781
7606,2313
7607,2358
7608,2565
7609,2280
7610,3393
7611,2595
7612,2319
7613,2817
7614,2553
7615,2544
7616,3330
7617,2025
7618,3135
7619,2553
7620,2778
7621,2100
7622,2343
7623,2565
7624,1479
7625,1797
7626,2535
7627,2040
7628,3861
7629,3375
7630,2238
7631,3315
7632,3048
7633,2022
7634,2895
7635,2859
7636,2553
7637,2271
7638,2622
7639,3612
7640,1791
7641,2775
7642,2004
7643,3039
7644,2775
7645,2070
7646,2556
7647,3744
7648,2820
7649,2007
7650,2310
7651,2865
7652,2262
7653,3144
7654,2235
7655,2265
7656,2349
7657,2571
7658,3651
7659,2694
7660,3537
7661,5316
7662,2841
7663,2310
7664,3060
7665,2016
7666,3108
7667,2565
7668,2052
7669,2262
7670,3417
7671,2265
7672,2877
7673,2847
7674,2310
7675,3072
7676,2007
7677,2829
7678,2595
7679,3069
7680,2079
7681,2304
7682,2781
7683,2367
7684,1773
7685,2367
7686,2025
7687,2067
7688,2607
7689,2844
7690,2274
7691,2082
7692,2316
7693,2391
7694,2808
7695,2049
7696,2553
7697,2340
7698,3384
7699,3081
7700,2094
7701,2001
7702,2508
7703,1665
7704,2850
7705,1476
7706,2322
7707,2766
7708,3042
7709,2793
7710,2058
7711,2583
7712,3159
7713,2877
7714,2094
7715,2319
7716,2880
7717,2841
7718,2253
7719,2853
7720,1755
7721,2700
7722,2838
7723,3363
7724,2796
7725,2031
7726,1734
7727,2643
7728,3585
7729,1782
7730,2046
7731,3069
7732,2379
7733,3903
7734,3153
7735,2859
7736,2811
7737,3051
7738,2049
7739,3147
7740,3066
7741,2055
7742,3216
7743,1836
7744,2847
7745,2277
7746,3870
7747,2781
7748,2508
7749,2274
7750,2568
7751,2832
7752,3576
7753,2646
7754,2310
7755,2790
7756,2010
7757,2328
7758,1434
7759,1770
7760,2553
7761,2577
7762,2337
7763,2817
7764,1842
7765,3570
7766,2307
7767,2838
7768,3108
7769,2790
7770,1755
7771,3036
7772,3042
7773,2475
7774,2358
7775,2766
7776,2619
7777,3684
7778,2268
7779,1803
7780,2499
7781,3414
7782,3534
7783,2598
7784,2613
7785,2061
7786,1464
7787,3351
7788,3033
7789,2793
7790,2511
7791,2322
7792,3072
7793,2589
7794,2316
7795,2514
7796,2331
7797,2022
7798,2103
7799,2751
7800,2100
7801,2076
7802,2511
7803,3144
7804,2814
7805,2265
7806,2058
7807,2004
7808,2760
7809,2010
7810,3348
7811,2262
7812,2826
7813,2832
7814,2535
7815,2547
7816,2040
7817,2598
7818,2598
7819,3207
7820,2058
7821,2799
7822,2292
7823,2841
7824,2835
7825,2847
7826,2316
7827,2022
7828,2340
7829,3048
7830,2610
7831,2013
7832,2256
7833,2274
7834,2343
7835,2313
7836,2037
7837,3591
7838,2793
7839,2253
7840,1794
7841,3084
7842,2124
7843,2325
7844,1959
7845,3027
7846,2271
7847,2058
7848,3360
7849,1836
7850,1464
7851,2316
7852,2529
7853,3129
7854,2262
7855,2838
7856,1785
7857,3063
7858,2370
7859,2301
7860,2652
7861,2541
7862,2322
7863,3045
7864,2280
7865,2532
7866,2607
7867,2070
7868,3099
7869,3120
7870,1734
7871,2508
7872,2817
7873,2571
7874,2283
7875,2568
7876,3099
7877,3069
7878,3054
7879,2844
7880,2532
7881,2388
7882,1458
7883,2862
7884,3282
7885,2835
7886,2007
7887,2796
7888,2001
7889,2016
7890,2568
7891,2802
7892,1449
7893,2820
7894,2109
7895,2037
7896,2550
7897,2016
7898,2856
7899,3582
7900,2277
7901,3066
7902,2280
7903,3141
7904,2289
7905,2556
7906,2265
7907,2067
7908,2868
7909,3540
7910,2241
7911,2526
7912,3087
7913,1503
7914,2919
7915,2298
7916,2226
7917,2088
7918,3480
7919,3330
7920,2601
7921,2802
7922,3597
7923,3042
7924,3315
7925,2514
7926,2895
7927,2808
7928,3348
7929,3318
7930,3108
7931,3297
7932,2373
7933,3858
7934,2148
7935,2835
7936,3420
7937,2049
7938,2394
7939,3180
7940,2586
7941,2850
7942,2292
7943,2349
7944,2577
7945,2067
7946,2526
7947,3135
7948,2823
7949,2844
7950,1728
7951,3099
7952,2604
7953,4167
7954,2106
7955,2571
7956,2511
7957,3558
7958,1803
7959,3615
7960,1809
7961,2859
7962,2307
7963,2592
7964,2319
7965,2850
7966,3336
7967,2334
7968,2013
7969,2268
7970,2811
7971,2349
7972,2070
7973,1794
7974,1971
7975,2601
7976,2574
7977,2352
7978,2031
7979,2850
7980,3270
7981,2556
7982,2859
7983,2580
7984,2619
7985,2859
7986,1791
7987,1818
7988,2328
7989,3096
7990,2838
7991,2793
7992,2625
7993,2814
7994,1824
7995,3648
7996,2601
7997,3183
7998,2295
7999,2331
8000,2325
8001,2898
8002,2610
8003,2625
8004,2853
8005,2052
8006,3096
8007,2067
8008,2019
8009,3141
8010,2043
8011,2577
8012,2001
8013,2802
8014,1464
8015,2742
8016,2316
8017,2061
8018,2070
8019,2289
8020,2628
8021,4152
8022,2685
8023,1479
8024,2817
8025,1734
8026,1488
8027,3147
8028,2073
8029,2295
8030,3120
8031,3390
8032,2061
8033,2319
8034,3120
8035,2832
8036,3357
8037,2685
8038,2547
8039,2574
8040,3396
8041,2334
8042,3279
8043,2358
8044,2283
8045,2088
8046,2001
8047,2841
8048,2352
8049,1827
8050,3360
8051,2847
8052,2277
8053,3042
8054,3114
8055,2562
8056,2322
8057,2799
8058,1761
8059,2301
8060,2328
8061,2571
8062,2562
8063,2073
8064,2598
8065,3897
8066,2862
8067,2391
8068,2028
8069,1479
8070,2340
8071,2295
8072,3060
8073,2073
8074,2493
8075,2541
8076,3636
8077,2697
8078,2013
8079,2259
8080,2307
8081,2892
8082,2871
8083,1788
8084,2904
8085,2550
8086,2349
8087,2514
8088,2025
8089,2304
8090,2826
8091,2259
8092,2340
8093,2538
8094,3096
8095,2835
8096,2340
8097,2073
8098,2655
8099,2622
8100,3597
8101,2049
8102,2775
8103,2310
8104,2862
8105,2073
8106,2067
8107,1785
8108,1983
8109,2064
8110,3030
8111,3099
8112,2835
8113,2277
8114,1485
8115,2868
8116,2961
8117,2247
8118,2349
8119,2790
8120,2313
8121,2850
8122,2559
8123,2040
8124,2601
8125,2274
8126,2388
8127,3327
8128,2601
8129,3090
8130,2058
8131,2262
8132,3045
8133,3360
8134,2292
8135,2379
8136,3108
8137,2646
8138,2337
8139,3372
8140,2754
8141,3582
8142,2562
8143,2049
8144,3309
8145,2544
8146,1803
8147,3063
8148,2835
8149,2025
8150,2583
8151,2568
8152,2868
8153,2541
8154,2310
8155,2574
8156,2856
8157,1773
8158,2880
8159,4146
8160,1839
8161,2274
8162,3462
8163,2889
8164,2841
8165,2091
8166,3078
8167,2838
8168,3054
8169,2148
8170,3075
8171,3471
8172,2256
8173,3114
8174,2541
8175,2076
8176,2259
8177,2619
8178,2076
8179,2544
8180,2106
8181,2280
8182,2373
8183,2808
8184,2817
8185,2292
8186,3129
8187,1797
8188,2571
8189,3120
8190,2088
8191,3120
8192,3351
8193,2820
8194,2622
8195,2877
8196,2316
8197,2136
8198,2526
8199,2313
8200,2259
8201,2841
8202,2034
8203,2106
8204,1740
8205,2289
8206,2313
8207,2625
8208,3084
8209,2160
8210,2580
8211,2613
8212,2508
8213,2082
8214,2856
8215,2028
8216,2826
8217,2820
8218,2583
8219,2547
8220,2322
8221,1779
8222,2367
8223,2583
8224,2331
8225,3606
8226,2880
8227,2343
8228,2856
8229,2664
8230,2034
8231,2325
8232,1782
8233,2088
8234,2583
8235,3654
8236,1989
8237,3336
8238,2823
8239,2532
8240,2799
8241,1446
8242,2121
8243,2529
8244,3144
8245,2322
8246,3651
8247,2586
8248,2601
8249,2766
8250,2250
8251,3582
8252,2646
8253,2553
8254,2082
8255,2511
8256,2829
8257,3561
8258,2658
8259,2286
8260,2283
8261,3354
8262,2292
8263,2400
8264,2046
8265,4092
8266,2496
8267,3135
8268,2583
8269,2829
8270,1989
8271,2295
8272,2280
8273,2865
8274,2811
8275,1995
8276,1767
8277,3786
8278,3057
8279,2589
8280,1815
8281,2835
8282,3093
8283,2259
8284,2868
8285,2022
8286,2625
8287,2523
8288,2304
8289,1785
8290,2877
8291,3390
8292,2295
8293,2652
8294,3918
8295,2904
8296,2841
8297,2862
8298,2496
8299,2535
8300,2865
8301,2886
8302,1791
8303,1785
8304,3846
8305,2271
8306,3369
8307,3015
8308,2298
8309,2820
8310,3039
8311,2553
8312,2655
8313,3909
8314,2265
8315,2283
8316,2061
8317,2310
8318,2391
8319,2547
8320,2610
8321,3846
8322,1779
8323,2745
8324,2076
8325,1497
8326,2073
8327,2592
8328,2571
8329,3123
8330,2796
8331,3366
8332,1482
8333,2139
8334,1746
8335,2286
8336,2811
8337,2076
8338,2328
8339,3984
8340,2076
8341,2841
8342,2526
8343,2616
8344,3132
8345,2043
8346,3423
8347,2817
8348,2814
8349,2553
8350,2349
8351,2547
8352,2340
8353,2373
8354,3669
8355,2037
8356,3135
8357,2643
8358,1743
8359,2592
8360,1821
8361,2652
8362,2568
8363,2541
8364,2523
8365,3372
8366,2796
8367,2295
8368,2586
8369,2373
8370,2586
8371,2322
8372,2832
8373,1743
8374,1794
8375,2259
8376,2886
8377,3375
8378,2550
8379,2313
8380,2328
8381,1791
8382,2325
8383,2580
8384,1854
8385,2772
8386,2883
8387,2112
8388,2835
8389,1827
8390,1755
8391,3078
8392,2337
8393,3171
8394,3339
8395,2862
8396,2271
8397,2793
8398,1443
8399,2349
8400,2061
8401,2322
8402,2355
8403,3342
8404,2775
8405,2319
8406,2856
8407,2220
8408,2622
8409,2595
8410,3120
8411,2019
8412,2844
8413,1788
8414,2565
8415,2283
8416,2361
8417,3120
8418,3051
8419,2847
8420,2619
8421,3684
8422,3060
8423,2112
8424,2289
8425,4125
8426,2862
8427,2823
8428,2811
8429,2565
8430,2499
8431,2529
8432,2031
8433,3108
8434,2856
8435,2544
8436,2601
8437,2529
8438,3111
8439,3348
8440,2595
8441,3288
8442,2877
8443,3654
8444,2037
8445,2001
8446,1896
8447,2502
8448,2337
8449,3048
8450,2802
8451,3642
8452,1998
8453,2061
8454,2004
8455,1905
8456,2049
8457,2388
8458,2295
8459,3108
8460,2205
8461,2136
8462,2811
8463,3063
8464,2826
8465,2562
8466,2856
8467,2247
8468,2994
8469,2517
8470,2292
8471,1773
8472,2010
8473,2340
8474,3438
8475,3570
8476,1437
8477,3096
8478,2130
8479,2805
8480,2592
8481,3108
8482,2880
8483,2673
8484,2883
8485,2610
8486,3318
8487,1842
8488,2295
8489,3144
8490,2538
8491,1791
8492,1998
8493,2301
8494,2223
8495,2067
8496,2562
8497,2817
8498,2544
8499,2556
8500,2283
8501,2274
8502,2064
8503,2340
8504,2040
8505,2472
8506,3213
8507,2598
8508,2775
8509,1761
8510,2061
8511,2004
8512,3108
8513,3594
8514,2313
8515,2844
8516,2550
8517,2283
8518,2835
8519,2829
8520,3051
8521,3147
8522,2040
8523,1836
8524,2829
8525,2334
8526,2829
8527,2514
8528,3033
8529,2313
8530,1806
8531,3072
8532,2799
8533,2508
8534,3369
8535,1743
8536,2823
8537,2274
8538,2781
8539,2541
8540,2298
8541,2820
8542,2556
8543,2073
8544,2277
8545,3069
8546,3006
8547,2565
8548,2061
8549,2313
8550,2550
8551,3597
8552,2847
8553,3117
8554,3303
8555,2316
8556,2019
8557,3138
8558,3384
8559,2397
8560,2268
8561,2511
8562,3033
8563,2808
8564,2625
8565,2271
8566,2589
8567,1776
8568,2328
8569,3378
8570,3888
8571,2532
8572,2568
8573,3087
8574,3138
8575,2268
8576,2583
8577,2262
8578,2538
8579,1776
8580,2556
8581,2829
8582,2619
8583,2565
8584,1449
8585,2907
8586,2898
8587,1764
8588,2325
8589,2352
8590,1740
8591,1734
8592,3834
8593,2772
8594,2325
8595,2337
8596,2541
8597,2304
8598,3276
8599,3783
8600,3132
8601,2805
8602,2292
8603,2250
8604,2313
8605,3069
8606,3120
8607,2808
8608,2301
8609,1413
8610,3582
8611,2055
8612,2031
8613,2550
8614,2289
8615,2307
8616,2061
8617,2391
8618,2022
8619,3345
8620,2502
8621,3420
8622,2895
8623,2037
8624,2922
8625,2349
8626,2532
8627,2004
8628,3123
8629,1998
8630,3105
8631,1761
8632,2085
8633,2832
8634,2334
8635,2838
8636,2058
8637,1707
8638,2847
8639,2343
8640,3123
8641,2775
8642,2649
8643,2571
8644,2565
8645,2796
8646,3561
8647,2544
8648,2796
8649,2304
8650,2496
8651,2304
8652,3597
8653,2046
8654,2067
8655,2307
8656,3129
8657,2316
8658,2820
8659,2499
8660,2046
8661,2550
8662,3093
8663,1734
8664,2049
8665,2553
8666,2520
8667,1995
8668,2811
8669,1743
8670,2262
8671,2241
8672,2247
8673,2817
8674,2340
8675,2064
8676,2559
8677,2850
8678,3108
8679,3102
8680,1776
8681,4143
8682,2043
8683,2877
8684,2076
8685,2331
8686,4173
8687,2871
8688,3384
8689,2670
8690,2340
8691,2838
8692,2580
8693,3012
8694,2802
8695,2028
8696,2283
8697,1998
8698,1761
8699,2523
8700,2055
8701,1776
8702,2358
8703,3087
8704,3414
8705,3024
8706,2079
8707,2427
8708,3840
8709,3072
8710,3084
8711,2616
8712,2046
8713,3108
8714,3423
8715,2862
8716,2808
8717,2550
8718,2370
8719,3123
8720,2061
8721,1812
8722,2292
8723,2619
8724,2568
8725,2577
8726,3192
8727,2340
8728,2043
8729,1752
8730,2526
8731,2547
8732,2376
8733,2295
8734,2895
8735,1950
8736,2325
8737,2502
8738,2283
8739,2325
8740,2535
8741,2589
8742,2499
8743,3084
8744,2046
8745,2613
8746,2550
8747,2325
8748,2766
8749,2613
8750,1728
8751,2832
8752,3099
8753,2367
8754,3399
8755,2310
8756,2613
8757,2829
8758,2856
8759,2784
8760,2277
8761,3897
8762,2601
8763,3246
8764,2661
8765,1785
8766,2625
8767,2046
8768,2541
8769,2820
8770,2817
8771,3342
8772,3540
8773,2559
8774,3072
8775,2595
8776,2808
8777,2049
8778,2556
8779,2565
8780,4059
8781,3048
8782,3090
8783,2271
8784,2073
8785,2334
8786,2379
8787,2622
8788,3342
8789,2361
8790,2046
8791,3051
8792,1782
8793,2049
8794,1794
8795,2265
8796,2574
8797,2019
8798,2835
8799,2256
8800,2037
8801,2487
8802,2310
8803,2109
8804,3621
8805,2883
8806,3084
8807,2055
8808,2292
8809,2547
8810,2559
8811,2073
8812,2835
8813,2073
8814,2826
8815,2106
8816,3063
8817,2295
8818,2304
8819,2616
8820,2046
8821,2862
8822,2628
8823,2283
8824,3663
8825,2847
8826,2580
8827,2553
8828,2316
8829,2769
8830,2874
8831,2508
8832,3336
8833,1974
8834,1794
8835,2268
8836,2925
8837,3132
8838,2859
8839,1839
8840,2025
8841,2556
8842,2556
8843,2637
8844,2304
8845,2628
8846,2574
8847,3597
8848,2850
8849,2292
8850,3678
8851,2010
8852,2571
8853,2550
8854,1488
8855,2340
8856,3096
8857,2814
8858,2625
8859,2280
8860,2550
8861,2859
8862,3624
8863,2784
8864,2796
8865,1794
8866,4389
8867,3363
8868,2034
8869,1482
8870,3363
8871,3135
8872,3093
8873,2652
8874,2325
8875,2319
8876,2310
8877,3117
8878,2523
8879,2346
8880,2037
8881,3108
8882,2373
8883,2568
8884,3399
8885,2016
8886,3138
8887,1803
8888,2046
8889,2805
8890,3345
8891,2013
8892,2856
8893,2811
8894,2850
8895,2535
8896,3147
8897,2580
8898,2862
8899,3060
8900,3570
8901,1821
8902,2793
8903,1767
8904,3345
8905,2583
8906,1791
8907,2832
8908,2301
8909,2085
8910,2562
8911,2595
8912,2343
8913,3714
8914,2340
8915,3075
8916,3399
8917,2043
8918,2271
8919,3096
8920,2628
8921,1773
8922,2631
8923,1770
8924,1755
8925,2046
8926,2832
8927,2298
8928,2604
8929,2760
8930,2592
8931,3057
8932,1800
8933,3987
8934,2283
8935,2601
8936,2505
8937,3105
8938,2559
8939,2871
8940,3042
8941,3423
8942,2232
8943,2328
8944,2055
8945,2310
8946,2520
8947,1731
8948,1758
8949,2793
8950,2310
8951,2232
8952,2856
8953,2253
8954,2283
8955,2325
8956,3171
8957,2013
8958,2307
8959,2205
8960,2262
8961,2799
8962,2022
8963,1812
8964,2739
8965,3114
8966,2820
8967,3387
8968,2835
8969,2898
8970,2538
8971,2559
8972,2043
8973,2520
8974,3009
8975,2826
8976,2310
8977,2913
8978,3372
8979,1818
8980,2061
8981,2529
8982,2373
8983,2304
8984,2844
8985,2007
8986,3294
8987,2772
8988,3081
8989,2508
8990,3012
8991,3276
8992,2337
8993,2553
8994,2613
8995,2559
8996,2817
8997,2331
8998,2517
8999,2877
9000,2562
9001,2286
9002,2535
9003,3111
9004,2538
9005,2568
9006,2835
9007,1785
9008,2049
9009,2913
9010,2364
9011,1743
9012,2319
9013,1773
9014,2349
9015,3123
9016,2088
9017,2328
9018,2046
9019,2766
9020,1779
9021,2271
9022,2787
9023,2526
9024,2544
9025,2025
9026,3390
9027,3117
9028,2574
9029,3099
9030,2535
9031,2268
9032,2889
9033,3114
9034,2874
9035,2592
9036,2982
9037,2292
9038,2769
9039,1770
9040,2097
9041,2340
9042,2025
9043,1797
9044,3939
9045,1770
9046,2004
9047,3114
9048,1809
9049,2562
9050,2610
9051,2601
9052,2874
9053,1965
9054,2799
9055,2766
9056,1818
9057,2796
9058,2349
9059,2820
9060,2313
9061,2562
9062,2604
9063,2103
9064,2811
9065,3168
9066,4125
9067,2583
9068,2766
9069,2871
9070,2304
9071,2328
9072,2037
9073,2175
9074,2568
9075,2271
9076,2601
9077,3003
9078,2382
9079,2763
9080,2589
9081,4077
9082,2055
9083,2244
9084,2256
9085,3366
9086,2616
9087,2004
9088,3168
9089,1785
9090,2304
9091,2283
9092,2709
9093,2532
9094,2811
9095,2019
9096,2283
9097,2061
9098,3288
9099,2064
9100,2004
9101,3627
9102,2505
9103,2817
9104,3345
9105,2340
9106,2562
9107,1779
9108,2370
9109,3114
9110,2556
9111,2067
9112,1809
9113,2022
9114,2868
9115,2301
9116,2814
9117,2802
9118,2514
9119,2538
9120,2556
9121,2550
9122,2028
9123,2532
9124,2748
9125,2262
9126,1980
9127,1809
9128,2598
9129,2292
9130,2568
9131,2337
9132,2796
9133,2085
9134,1746
9135,3042
9136,2826
9137,2322
9138,2334
9139,2019
9140,3168
9141,2778
9142,3372
9143,2241
9144,2565
9145,2547
9146,2034
9147,2016
9148,2274
9149,3075
9150,2868
9151,2253
9152,3081
9153,2292
9154,2595
9155,3324
9156,2001
9157,2514
9158,2790
9159,2577
9160,2739
9161,2625
9162,2268
9163,2256
9164,1992
9165,2307
9166,2034
9167,2565
9168,2781
9169,2865
9170,3081
9171,2262
9172,2583
9173,2244
9174,3114
9175,2547
9176,3180
9177,2301
9178,3084
9179,3636
9180,4149
9181,2007
9182,3129
9183,2553
9184,2322
9185,1992
9186,1746
9187,2016
9188,3078
9189,2571
9190,4104
9191,3144
9192,2046
9193,2334
9194,2847
9195,3354
9196,2529
9197,2316
9198,3069
9199,3414
9200,2856
9201,2661
9202,3561
9203,3114
9204,2043
9205,2811
9206,2547
9207,2505
9208,2289
9209,1740
9210,3909
9211,2307
9212,2247
9213,1998
9214,2262
9215,1764
9216,2610
9217,1968
9218,2559
9219,2355
9220,1806
9221,2475
9222,3510
9223,2532
9224,2499
9225,3117
9226,2853
9227,2832
9228,2526
9229,3153
9230,2535
9231,2772
9232,2307
9233,2121
9234,2286
9235,2001
9236,2247
9237,2604
9238,2523
9239,2757
9240,2319
9241,3051
9242,1731
9243,2322
9244,2001
9245,2571
9246,2850
9247,1803
9248,3162
9249,2331
9250,2097
9251,2022
9252,2034
9253,2349
9254,2565
9255,2775
9256,3099
9257,2832
9258,3504
9259,3321
9260,3069
9261,2844
9262,2790
9263,2076
9264,3138
9265,2550
9266,2589
9267,2064
9268,2592
9269,3099
9270,3099
9271,2268
9272,2346
9273,1797
9274,3387
9275,2004
9276,2316
9277,2280
9278,2823
9279,3282
9280,2823
9281,2886
9282,3156
9283,3342
9284,3009
9285,2262
9286,3027
9287,2577
9288,2025
9289,2487
9290,3603
9291,2328
9292,1758
9293,2862
9294,2256
9295,3078
9296,2367
9297,2328
9298,3186
9299,2313
9300,2889
9301,2823
9302,3660
9303,2295
9304,2340
9305,3315
9306,3888
9307,2595
9308,2631
9309,2547
9310,3396
9311,2799
9312,3357
9313,1740
9314,1812
9315,1794
9316,2550
9317,2007
9318,3600
9319,2559
9320,2241
9321,2355
9322,1785
9323,2082
9324,2028
9325,1788
9326,3216
9327,2814
9328,2496
9329,2664
9330,3111
9331,2034
9332,2865
9333,2841
9334,2079
9335,2286
9336,3105
9337,2547
9338,2661
9339,2310
9340,2349
9341,2514
9342,2658
9343,2595
9344,2100
9345,1788
9346,3360
9347,2358
9348,1995
9349,2109
9350,1443
9351,3696
9352,2367
9353,2856
9354,2865
9355,2388
9356,2601
9357,2607
9358,1734
9359,2250
9360,2823
9361,2901
9362,2373
9363,2559
9364,3138
9365,2514
9366,3342
9367,2241
9368,2778
9369,2064
9370,2682
9371,1782
9372,2862
9373,2847
9374,3084
9375,2292
9376,3423
9377,2622
9378,2925
9379,1473
9380,1773
9381,3129
9382,1992
9383,2046
9384,3057
9385,2553
9386,2301
9387,2070
9388,3339
9389,3045
9390,2865
9391,2586
9392,2760
9393,3678
9394,2577
9395,2049
9396,2853
9397,2238
9398,2817
9399,2373
9400,2607
9401,2544
9402,2520
9403,3576
9404,2307
9405,2547
9406,3102
9407,1974
9408,1821
9409,3105
9410,1491
9411,2910
9412,2877
9413,2334
9414,2274
9415,2790
9416,1806
9417,2610
9418,2769
9419,2310
9420,3018
9421,2577
9422,3090
9423,2754
9424,3792
9425,2301
9426,2097
9427,2310
9428,3657
9429,2043
9430,2601
9431,3042
9432,2298
9433,2013
9434,2601
9435,1758
9436,2355
9437,2853
9438,2649
9439,2556
9440,3120
9441,2031
9442,2022
9443,2835
9444,1470
9445,3321
9446,2748
9447,1764
9448,2304
9449,2100
9450,2508
9451,2580
9452,3078
9453,2826
9454,2046
9455,2049
9456,3135
9457,2862
9458,3066
9459,2256
9460,2310
9461,2994
9462,1797
9463,3360
9464,2859
9465,2292
9466,1818
9467,2568
9468,1758
9469,3069
9470,2835
9471,3606
9472,2796
9473,2376
9474,2391
9475,2844
9476,1791
9477,2055
9478,3399
9479,3561
9480,3846
9481,2589
9482,2526
9483,3342
9484,2256
9485,2112
9486,1752
9487,1779
9488,2121
9489,2076
9490,2859
9491,1989
9492,3117
9493,2505
9494,3660
9495,2823
9496,3384
9497,2238
9498,2835
9499,2826
9500,2901
9501,2292
9502,2091
9503,3057
9504,2058
9505,1785
9506,3378
9507,2931
9508,2844
9509,3075
9510,2847
9511,1806
9512,2070
9513,1821
9514,2835
9515,1800
9516,1746
9517,2367
9518,2739
9519,2583
9520,2550
9521,2559
9522,2271
9523,2835
9524,2067
9525,1845
9526,2829
9527,2244
9528,3318
9529,2757
9530,2274
9531,2847
9532,3390
9533,2550
9534,2301
9535,1764
9536,1512
9537,3102
9538,2556
9539,2118
9540,2283
9541,4377
9542,2016
9543,2307
9544,2550
9545,2589
9546,3024
9547,3123
9548,3291
9549,2550
9550,1728
9551,2769
9552,2247
9553,3003
9554,2016
9555,2799
9556,2793
9557,2247
9558,2343
9559,2550
9560,2829
9561,2265
9562,2058
9563,2724
9564,2778
9565,2553
9566,2310
9567,2550
9568,2538
9569,2241
9570,3141
9571,2379
9572,3054
9573,1497
9574,3090
9575,2343
9576,2853
9577,2814
9578,2268
9579,2757
9580,3075
9581,2613
9582,2844
9583,2844
9584,2613
9585,2802
9586,2526
9587,2286
9588,2058
9589,2772
9590,2334
9591,2274
9592,2853
9593,2277
9594,3138
9595,4056
9596,2805
9597,1464
9598,2340
9599,2241
9600,1767
9601,2796
9602,3156
9603,2325
9604,2787
9605,3606
9606,3057
9607,2580
9608,2856
9609,3129
9610,2124
9611,3117
9612,2808
9613,2631
9614,2304
9615,3309
9616,1749
9617,1797
9618,3063
9619,2316
9620,2775
9621,2841
9622,2847
9623,3045
9624,3399
9625,2826
9626,2790
9627,2544
9628,2550
9629,2499
9630,2349
9631,2793
9632,3126
9633,2541
9634,2304
9635,2829
9636,2841
9637,2931
9638,2541
9639,3138
9640,2601
9641,2847
9642,2871
9643,2670
9644,2532
9645,2043
9646,3033
9647,2553
9648,1710
9649,2568
9650,2049
9651,2316
9652,1773
9653,3159
9654,2823
9655,2235
9656,2052
9657,3057
9658,1815
9659,2040
9660,2358
9661,3069
9662,2280
9663,1467
9664,2301
9665,1998
9666,1437
9667,2871
9668,2532
9669,2898
9670,2238
9671,2307
9672,2076
9673,2853
9674,2751
9675,2313
9676,2748
9677,2301
9678,2541
9679,3552
9680,1788
9681,1788
9682,3327
9683,4107
9684,2853
9685,2067
9686,2262
9687,1713
9688,2589
9689,2070
9690,1992
9691,1737
9692,2253
9693,2010
9694,2046
9695,2805
9696,2013
9697,2502
9698,2307
9699,2859
9700,4287
9701,2808
9702,1977
9703,2592
9704,2028
9705,3180
9706,2256
9707,2883
9708,3075
9709,2058
9710,2274
9711,2040
9712,3045
9713,2562
9714,2634
9715,2046
9716,3129
9717,2604
9718,3393
9719,2283
9720,1770
9721,2304
9722,2358
9723,3093
9724,2349
9725,2772
9726,1803
9727,2823
9728,2268
9729,3375
9730,2838
9731,2598
9732,3378
9733,2622
9734,2526
9735,2577
9736,3357
9737,2898
9738,1425
9739,3162
9740,2568
9741,3669
9742,2886
9743,2244
9744,1794
9745,2826
9746,1842
9747,2289
9748,2910
9749,2568
9750,2601
9751,2787
9752,2340
9753,2073
9754,2301
9755,2040
9756,2640
9757,2853
9758,2319
9759,2328
9760,3897
9761,2583
9762,3690
9763,1803
9764,2511
9765,2337
9766,2007
9767,2889
9768,2310
9769,2076
9770,2049
9771,2631
9772,2043
9773,1845
9774,2307
9775,2049
9776,2013
9777,2343
9778,2391
9779,2562
9780,2607
9781,3117
9782,2829
9783,2562
9784,2379
9785,2055
9786,3324
9787,3078
9788,2517
9789,2274
9790,2616
9791,2565
9792,2613
9793,1998
9794,3333
9795,2283
9796,2571
9797,2892
9798,2031
9799,3114
9800,2034
9801,2916
9802,2787
9803,2580
9804,2274
9805,3852
9806,3024
9807,2718
9808,2850
9809,3405
9810,2310
9811,2841
9812,2523
9813,2541
9814,2526
9815,2304
9816,2274
9817,2601
9818,2868
9819,3537
9820,4392
9821,2568
9822,3300
9823,2598
9824,2301
9825,3084
9826,1830
9827,2091
9828,2013
9829,2064
9830,2862
9831,2805
9832,2886
9833,3420
9834,2343
9835,2100
9836,3312
9837,3882
9838,2286
9839,2865
9840,2583
9841,1533
9842,2613
9843,2799
9844,2298
9845,3330
9846,2829
9847,1743
9848,2547
9849,3276
9850,3129
9851,2295
9852,2289
9853,2793
9854,2637
9855,2538
9856,3135
9857,2607
9858,2583
9859,2592
9860,2091
9861,2769
9862,2520
9863,3393
9864,2550
9865,2064
9866,2592
9867,2892
9868,2013
9869,2820
9870,2880
9871,2040
9872,2346
9873,3093
9874,3102
9875,2811
9876,1761
9877,2268
9878,3090
9879,2571
9880,2313
9881,2595
9882,2871
9883,2826
9884,2547
9885,2025
9886,3051
9887,2535
9888,2550
9889,2292
9890,2058
9891,1809
9892,2331
9893,3102
9894,2859
9895,3078
9896,2046
9897,1848
9898,2856
9899,3636
9900,2073
9901,3426
9902,2559
9903,2604
9904,1809
9905,3810
9906,2634
9907,2541
9908,3036
9909,2022
9910,2865
9911,2295
9912,2367
9913,2562
9914,2841
9915,2316
9916,3372
9917,1782
9918,2079
9919,2061
9920,2331
9921,3099
9922,2841
9923,2583
9924,2010
9925,2076
9926,2883
9927,2592
9928,2274
9929,1932
9930,2367
9931,1851
9932,2577
9933,3120
9934,2565
9935,2100
9936,3099
9937,2928
9938,2316
9939,1461
9940,2604
9941,3366
9942,3657
9943,2802
9944,3597
9945,2544
9946,2265
9947,1755
9948,2109
9949,3015
9950,2805
9951,2256
9952,2325
9953,2328
9954,3681
9955,3099
9956,2568
9957,3663
9958,2541
9959,2586
9960,2325
9961,2658
9962,2553
9963,2061
9964,2604
9965,3141
9966,3342
9967,2544
9968,1983
9969,2088
9970,2646
9971,3039
9972,2067
9973,3393
9974,3984
9975,2577
9976,2349
9977,2526
9978,2862
9979,3282
9980,2334
9981,2016
9982,2424
9983,2574
9984,2592
9985,2274
9986,3120
9987,1830
9988,2787
9989,2394
9990,2040
9991,3126
9992,2529
9993,1899
9994,2832
9995,3078
9996,2595
9997,2688
9998,3360
9999,2067
